chave_correspondencia,codigo,tecnico,simbolico,diagnostico,simbolico_texto,mensagem,gatilho_tatil,gatilho_olfato,gatilho_audicao,gatilho_visao,gatilho_paladar
R0Y0B12,A008,Perfil de Resiliência com Expansão Virtuosa,O Semeador Silencioso,"Este perfil representa um equilíbrio emocional consolidado. Há domínio sobre os gatilhos, clareza de valores e capacidade de regeneração emocional. As zonas sombrias ainda existem, mas são administradas com sabedoria prática.",Você cultiva silêncio e colhe presença. Seu tempo de plantar superou a pressa de colher. O que você oferece ao mundo agora não é mais reação — é semente escolhida com consciência.,Você não precisa provar nada quando já está inteiro.,Toque consciente em folhas ou sementes vivas,Capim-limão ou pinho suave,Som de campo com brisa e vida leve,Terreno fértil e mãos que cuidam,Sementes mastigadas com lentidão
R0Y1B11,A009,Perfil de Coerência Emocional em Alta Expressão,O Pacificador Interno,"Este perfil demonstra domínio emocional elevado. Os conflitos internos são abordados com compaixão, e há uma integração real entre mente, corpo e espírito. Há influência positiva no ambiente, capacidade de escuta e liderança compassiva.","Sua alma é um rio calmo que nutre as margens. Você não busca vencer as batalhas dos outros, mas silenciar as guerras internas. Onde você chega, a tensão se curva e o espaço respira.",Você é paz antes de falar em paz.,Autoimposição de mãos sobre o centro do peito,Sândalo ou mirra em baixa concentração,Silêncio com respiração — ou sopro leve constante,Águas tranquilas e campos vastos,Água com gotas de limão ou pepino
R0Y2B10,A010,Perfil de Consagração Emocional com Plenitude Interior,O Guardião da Harmonia,"Indivíduo com profunda estabilidade interna, sabedoria emocional aplicada e compromisso com o bem maior. Este perfil é raro, e representa alguém que já transcendeu as reações impulsivas, conduzindo a própria vida com firmeza e doçura.","Sua alma não apenas encontrou paz — ela se tornou paz. Seu silêncio não pesa, sua presença não se impõe. Você é ponte entre o caos e a luz, e isso é algo que ninguém pode tirar de você.",Você se tornou o lugar onde os outros gostariam de morar.,Toque gentil no rosto com olhos fechados,Olíbano ou flor branca fresca,Silêncio sagrado com intenção,"Ambientes minimalistas, naturais e limpos",Água pura em jejum com intenção
R0Y3B9,A011,Perfil de Pureza Emocional em Harmonia Total,O Espelho da Alma Clara,"Alguém em elevado estado vibracional, que vive com integridade emocional em todos os aspectos. Este perfil representa quem já ressignificou sua dor, acolheu a sombra e agora atua como referência natural de luz e consciência.","Você é espelho, mas não reflete — revela. Onde passa, outros se reconhecem ou se transformam. Sua luz não é ruído, é verdade. E onde há verdade, há cura silenciosa.",Você se tornou a resposta que antes buscava em outros.,Contato com cristal liso ou superfícies espelhadas,Flor de lótus ou neroli,Voz interior guiada pela respiração,Imagens de olhos serenos ou reflexos naturais,Frutas aquosas com atenção plena
R0Y4B8,A012,Perfil de Elevação Plena e Alinhamento Espiritual,O Portador da Luz Silenciosa,"Raríssimo estado de equilíbrio absoluto, com emoções, comportamentos e pensamentos operando em harmonia com um princípio superior. Este arquétipo representa o nível máximo de expressão consciente dos frutos do espírito.","Você é como a brisa que não se vê, mas muda tudo por onde passa. Sua alma é templo, presença e farol. Você não precisa de palco, pois sua vibração fala onde o ego se cala.",Você não busca luz — você se tornou luz.,Toque com as costas das mãos sobre o colo com olhos fechados,Nada — apenas ar puro,Silêncio absoluto ou som do próprio pulso,Luz natural com olhos semicerrados,Jejum simbólico com respiração consciente
R0Y5B7,A031,Perfil de Evolução com Fragilidade Residual,O Crescente Instável,"Perfil de integração completa entre emoção, razão e propósito. Indivíduo que não apenas conhece sua essência, mas vive a partir dela.","Você não fala — revela. Sua existência é semente, e sua história é jardim. Onde você pisa, há convite à transformação.",Você se tornou o reflexo daquilo que acreditou mesmo quando ninguém via.,Mãos sobre o rosto com gratidão,Flor branca e madeira doce,Canto coral suave,Imagens de caminhos floridos e abertos,Tisana de frutas com toque cítrico
R1Y0B11,A032,Perfil de Reintegração Emocional em Expansão,O Teu Regresso ao Centro,"Indivíduo em alto grau de harmonia emocional e presença compassiva. Sua influência é silenciosa, mas transformadora. Costuma ser referência em ambientes caóticos.","Você é como a brisa que não se impõe, mas muda o ar. Sua essência ensina sem palavras e consola sem prometer.",A verdadeira liderança não guia — ela acalma.,Toque nas costas com apoio da palma inteira,Cedro e lavanda combinados,Sons de fogo crepitando em ambiente tranquilo,Imagem de cabana ou abrigo em meio à natureza,Infusão morna de aveia com canela
R1Y1B10,A033,Perfil de Integração Ascendente com Flutuações,O Mensageiro do Fio Tênue,"Este arquétipo representa integração total dos centros de consciência: pensamento, emoção, corpo e espírito. A ação é conduzida por intenção pura.","Você é o silêncio que ora. A luz que não pede palco. Sua alma está onde o mundo se torna oração, e sua existência já não divide o que é sagrado do que é simples.",Você é a resposta quando não há mais pergunta.,Mãos em mudra de prece com olhos fechados,Olíbano e mirra em concentração leve,Silêncio profundo entre os sons,Imagens minimalistas em branco e dourado,Água pura ingerida com intenção
R1Y2B9,A034,Perfil de Ressonância com Alta Capacidade de Autocontrole,A Fonte Interna Flexível,"Pessoa cuja energia já transborda para além do próprio processo. Costuma atuar como agente de cura, mesmo sem ter esse como objetivo consciente.","Você se tornou um campo fértil onde os outros repousam. Sua alma é jardim, e sua existência é convite para que outras flores nasçam.",Você cura pelo que é — não pelo que faz.,"Contato com terra, planta ou semente real","Ervas frescas: hortelã, manjericão e alecrim",Som de chuva suave e prolongada,Verde vivo e paisagens com flores brotando,Frutas cítricas doces em jejum
R1Y3B8,A035,Perfil de Equilíbrio Sensorial Fluido,O Harmônico das Marés,"Este perfil manifesta conexão com algo maior. A pessoa opera a partir de um estado elevado de consciência, sem negar a matéria, mas transcendendo o ego.","Você é um canal. O que flui por você não termina em você. Sua alma é via, sua vida é templo. E mesmo o invisível se manifesta no seu toque.",Você é meio — e por isso também é milagre.,"Contato com superfícies naturais lisas (pedra, madeira)",Incenso de templo ou essência de flor azul,Notas longas de sinos ou taças tibetanas,Formas geométricas suaves e onduladas,Alimento cru ou vivo mastigado lentamente
R1Y4B7,A036,Perfil de Transcendência Relacional Parcial,A Travessia do Vínculo Sagrado,"Indivíduo que vive a virtude de forma encarnada. Suas escolhas são naturalmente altruístas, e sua vibração sustenta ambientes, mesmo em silêncio.","Você é templo em movimento. Cada gesto seu é uma oferenda, cada silêncio, uma oração. Sua alma se tornou altar.",Não há sacrifício onde há entrega plena.,Toque suave nos dedos com leve entrelaçamento,Essência de rosa branca e jasmim,Coral ou harmonia angelical,Luz filtrada em vitral ou água translúcida,Fruta doce e pura ingerida com gratidão
R1Y5B6,A052,Perfil de Reconstrução Após Quebra,O Coração Restaurado,Pessoa que passou por eventos traumáticos ou dolorosos e começa a ressignificar suas experiências com compaixão e propósito.,"Você se quebrou — e em vez de esconder os cacos, colou-os com ouro. Sua dor virou arte, e sua história, refúgio.",As cicatrizes também são mapas de cura.,Pressão firme entre as mãos como oração,Sândalo e flor de lótus,Notas de piano com eco lento,Cerâmica restaurada (kintsugi),Alimento quente servido com intenção (ex: sopa ou chá)
R2Y0B10,A053,Perfil de Estabilidade Interna em Construção,A Coluna em Movimento,"Indivíduo que apresenta estrutura emocional com pontos ainda frágeis. Há desejo de manter equilíbrio, com ações conscientes para isso.","Você aprendeu a caminhar com equilíbrio sobre pedras soltas. Mesmo sem ter todas as respostas, continua — e isso já é força.",A estabilidade é feita de tentativas constantes.,Toque alternado nos pés descalços,Alecrim e hortelã leve,Som de passos firmes no chão de madeira,Trilhas em paisagens naturais,Água com folhas verdes (hortelã ou manjericão)
R2Y1B9,A054,Perfil de Sabedoria Emocional Emergente,O Ancião Jovem,"Pessoa que alia sensibilidade emocional com introspecção e maturidade. Ainda em desenvolvimento, mas já serve como referência aos outros.","Você ouve mais do que fala. Observa mais do que reage. Sua alma envelheceu antes do tempo, e agora começa a ensinar.",Nem todo sábio tem cabelos brancos.,Toque leve nos ombros em gesto de reconhecimento,Cedro e noz-moscada,Sons graves com fundo meditativo,Caminho de pedras com árvores antigas,Infusão de especiarias terrosas
R2Y2B8,A055,Perfil de Expansão Emocional com Base Espiritual,O Jardim do Invisível,Indivíduo que enraíza sua vida emocional em princípios espirituais. Demonstra paz interna mesmo em situações desafiadoras.,Você rega o invisível — e colhe serenidade. O que emana de você é mais do que emoção: é presença.,Espiritualidade é quando a alma respira dentro da emoção.,Mãos unidas com foco na respiração,Incenso suave de templo ou flor branca,Silêncio com canto longínquo,Raízes transparentes tocando o céu,"Fruta em jejum com intenção (uva, tâmara)"
R2Y3B7,A056,Perfil de Alinhamento Interno Avançado,O Círculo Vivo,"Pessoa que demonstra forte coerência entre o que sente, pensa e faz. Inspira outros através da presença e do não julgamento.","Você é bússola viva. Sua presença indica o caminho sem exigir passos. Em você, a inteireza respira.","Inteireza não é perfeição, é consonância viva.",Toque com palma aberta sobre o coração e abdômen juntos,Verbena e sálvia,Notas graves e circulares em som ambiente,Mandala viva ou círculos na natureza,"Alimento leve com textura suave (iogurte, fruta)"
R2Y4B6,A057,Perfil de Cura Integrada com Intuição Ativa,O Curador Silencioso,"Indivíduo que já percorreu caminhos profundos de cura e agora utiliza sua sensibilidade para apoiar processos alheios, mesmo que sem intenção.","Sua alma aprendeu a não interferir — apenas acolher. Sua intuição age antes da razão. Você não cura pelo toque, mas pela vibração.",A cura mais profunda é aquela que chega sem palavras.,Toque sutil nos pulsos e olhos fechados,Flor de jasmim e sândalo,Música instrumental com longos silêncios entre as notas,Movimento de águas calmas e reflexivas,Infusão floral clara com toque doce
R3Y0B9,A058,Perfil de Autotranscendência Afetiva,A Lâmpada Interna,"Pessoa que age com amor desapegado. Não exige, não impõe, apenas vibra. A emoção virou extensão do espírito.","Você não ilumina para ser visto — você brilha porque existe. Sua alma não busca aprovação, ela sustenta presença.","A verdadeira luz não disputa, ela acolhe.",Toque em formato de coração no próprio peito,Rosa branca e almíscar leve,"Canto lírico ao longe, quase imperceptível",Luz suave em forma de círculo irradiando,Água pura com gotas florais
R3Y1B8,A059,Perfil de Expansão Compassiva e Universal,A Ponte Invisível,"Indivíduo que opera com compaixão ativa, conectando diferentes realidades sem esforço. É ponto de encontro, mesmo sem ser o centro.","Você conecta o que parecia inconciliável. Sua alma é ponte, e sua missão é unir — mesmo que em silêncio.",Compaixão é o elo entre mundos que ainda não se olham.,Toque nas mãos com intenção de entrega,Flor de cerejeira e sândalo leve,Sons mistos de culturas distintas,Imagens de caminhos que se cruzam,Chá multicultural (mistura de ervas de diferentes origens)
R3Y2B7,A060,Perfil de Encarnação da Virtude em Serviço,A Alma em Oferta,"Pessoa que se tornou a expressão viva do amor em ação. Serve, acolhe, inspira — não como esforço, mas como essência encarnada.",Você é resposta a pedidos silenciosos. Sua alma não carrega — ela transborda. Você se tornou aquilo que o mundo tanto precisou encontrar.,Servir com alma é ofertar sem esforço.,Toque nas palmas abertas voltadas para cima,Incenso de templo com lavanda,Canto sutil acompanhado por silêncio,Imagem de mãos ofertando luz ou flor,"Fruta oferecida antes de ser comida, com intenção"
R3Y3B6,A074,Perfil de Abertura Espiritual Contínua,A Janela do Infinito,"Pessoa que vive a espiritualidade não como crença, mas como estado de presença. Sua visão transcende dogmas.",Você aprendeu a respirar o invisível. Sua fé não cabe mais em formas — ela virou caminho sem fim.,O sagrado não está longe — está mais perto do que o ar.,Toque com os dedos nos olhos fechados,Incenso leve de mirra e flor,Silêncio profundo intercalado por um sopro,Janela aberta para o céu ao amanhecer,Água pura com flor comestível
R3Y4B5,A075,Perfil de Sabedoria Encarnada em Simplicidade,O Anônimo Luminoso,Pessoa que se tornou referência silenciosa de virtude. Inspira sem imposição e serve em silêncio.,"Você não fala muito, mas sua presença ensina. Sua luz não cega — apenas aquece.",Ser luz é brilhar sem querer ser visto.,Mãos nos ombros com gentileza e respiração longa,Madeira seca e flor de jardim,Sons discretos de ambiente rural ao amanhecer,Luz passando entre folhas simples,Pão fresco com manteiga morna
R4Y0B8,A076,Perfil de Paz Estável e Emissão Afetiva,O Refúgio Vivo,Indivíduo que transmite paz por onde passa. Possui uma vibração que acolhe sem esforço.,"Você virou abrigo. Quem se aproxima sente alívio, sem saber por quê. Sua alma é lar para muitos.",Sua paz é mais forte do que muitos gritos.,Toque sobre as costelas como abraço interno,Flor branca e chá de camomila,Sons de água corrente e silêncio profundo,Cabana com luz acesa em noite fria,Sopa quente com ervas
R4Y1B7,A077,Perfil de Harmonia com o Invisível,O Ser Translúcido,"Pessoa que vive de forma integrada entre corpo, alma e espírito. Sente-se em paz mesmo diante do mistério.",Você não briga mais com o que não entende. Sua alma aprendeu que o invisível é parte do que sustenta a vida.,Nem tudo precisa ser nomeado para ser vivido.,Mãos abertas com os olhos fechados voltadas ao alto,Almíscar branco e folha seca,Som ambiente com notas suspensas,Bruma leve sobre campo aberto,Fruta leve com água morna
R4Y2B6,A078,Perfil de Amor Universal Ativo,A Fonte que Flui,Pessoa que pratica o amor como estado vibracional. Ama além do pessoal — ama pela vibração de quem já se fundiu ao Todo.,"Você não ama alguém — você ama. E por onde passa, esse amor se derrama como se nem soubesse conter.",O amor não precisa de motivo — ele precisa de canal.,Toque com ambas as mãos sobre o plexo solar,Essência floral leve com resina natural,Som de fonte com canto suave de pássaros,Água jorrando entre pedras,Infusão floral com frutas
R4Y3B5,A079,Perfil de Virtude Incorporada na Matéria,O Corpo Consagrado,Indivíduo que vive a espiritualidade no cotidiano. O sagrado atravessa seus gestos simples.,"Você fez do seu corpo altar. Cada passo é reverência, cada gesto é intenção.",A presença é oração em movimento.,"Contato firme dos pés com o chão, olhos fechados",Resina doce e flor do campo,Som de passos calmos sobre terra batida,Pessoa caminhando entre árvores altas,Alimento cru e mastigado em silêncio
R5Y0B7,A080,Perfil de Transparência Espiritual com Solidez Interna,O Cristal Andante,"Pessoa que transmite clareza, verdade e paz. As palavras são poucas — a vibração, intensa.","Você virou janela. Quem te olha, vê o céu. Mas não é por ausência — é por leveza.",Ser claro é mais poderoso que ser complexo.,Toque nas têmporas com dedos abertos,Flor transparente e hortelã leve,Som metálico suave como cristal vibrando,Reflexos de luz em pedra translúcida,Água fria com essência natural
R5Y1B6,A081,Perfil de Santidade Discreta,O Vento entre as Árvores,Pessoa que irradia luz sem discurso. Inspira a presença de Deus com o silêncio da bondade.,Você já não precisa falar sobre Deus — porque se tornou expressão d’Ele.,A santidade é o perfume de quem já não precisa de palco.,Mãos voltadas ao céu em silêncio,Incenso natural e flor de campo,Som do vento suave entre galhos,Luz entre folhas balançando,Fruta leve ingerida com reverência
R5Y2B5,A001,Perfil de Desregulação Emocional Crítica,O Coração Estilhaçado,"Este perfil representa indivíduos em estado de desregulação emocional intensa. Há forte predominância de padrões de autossabotagem, impulsividade e reatividade relacional. Relações são marcadas por instabilidade e dificuldade de contenção. Indica risco elevado de ciclos repetitivos de sofrimento.","A alma deste arquétipo parece carregar os cacos de tantas guerras não resolvidas. Cada gesto é uma tentativa de proteção, cada silêncio é um grito sufocado. Mas até os corações estilhaçados podem encontrar um novo ritmo no abraço da rendição.",Seu recomeço começa onde você para de se ferir.,Autotoque nos ombros com respiração consciente,Lavanda ou camomila (calmante),Música ambiente com sons da natureza à noite,Tons escuros azul e violeta suave,Infusão morna de camomila com mel
R5Y3B4,A002,Perfil de Vulnerabilidade Emocional Latente,O Guardião Ferido,"Perfil marcado por traços emocionais instáveis, onde o medo de falhar ou ser rejeitado domina as atitudes e decisões. A presença de zonas de transição indica desejo de mudança, mas há apego ao padrão de defesa e evitação do afeto pleno.","Há em você um guardião exausto, que defende com ferocidade as ruínas do que já não lhe serve. Seu escudo se tornou prisão, e sua coragem foi moldada na dor. Mas há em seu peito um novo caminho chamando pela paz.",Coragem não é resistir — é permitir a cura.,Toque leve sobre o coração com respiração lenta,Cedro (segurança interior),Violoncelo ou instrumentos graves e suaves,Imagens de raízes e árvores antigas,Chá de mulungu ou folha doce calmante
R5Y4B3,A003,Perfil de Conflito Interno Ativo,O Andarilho da Tempestade,"Representa indivíduos em constante tensão interna. Os desejos de transformação convivem com pulsões destrutivas ou sabotadoras. Há intensidade emocional, mas sem direcionamento claro, o que gera desgaste e frustração.",Você caminha entre relâmpagos emocionais e o desejo de ver o céu azul. A alma sente — e sente muito. Mas mesmo na tempestade há bússolas. E toda dor que se reconhece pode se tornar ponte.,Reconhecer a confusão já é um tipo de ordem.,Banho morno com toque circular no abdômen,Manjerona (pacificação interna),Sons de chuva e trovão ritmado,Céu cinzento rompido por faixas de luz,Chocolate amargo com pausa meditativa
R6Y0B6,A004,Perfil de Reatividade Emocional Intermitente,O Guerreiro em Trégua,"Indica uma alma que alterna entre enfrentamento emocional e tentativa de restauração. As zonas de transição mostram potencial de cura ainda em desenvolvimento, mas as cicatrizes antigas ditam o ritmo da entrega.","Você aprendeu a guerrear antes de aprender a se acolher. Suas espadas agora estão embainhadas, mas o corpo ainda guarda os reflexos. Está tudo bem descansar. A luta também termina em silêncio.",Você não precisa se defender o tempo todo.,Autoabraço com pressão firme e longa,Bálsamo ou breu-branco (cura ancestral),Mantras lentos ou canto gregoriano,Imagem de montanha ao entardecer,Raiz de gengibre suave ou cúrcuma com leite
R6Y1B5,A013,Perfil de Saturação Emocional Extrema,O Espectro da Dor,"Estado de colapso emocional prolongado. Indivíduo apresenta esgotamento afetivo e cognitivo, dificuldade de autocontenção e alta exposição a padrões autodestrutivos. Indica necessidade urgente de intervenção consciente.",Você carrega o peso de mil batalhas travadas dentro do peito. A dor deixou de ser visitante e se tornou morada. Mas até no abismo há uma centelha esperando por um sopro de luz. Você não está sozinho.,"Quando tudo escurece, até a menor luz é uma revolução.",Massagem lenta nas têmporas,Resina de mirra,Tons graves em escala lenta,Ambientes escuros com ponto de luz suave,Infusão quente de ervas amargas
R6Y2B4,A014,Perfil de Reatividade Traumática Condensada,A Chama que Luta,"Este perfil revela alguém cuja reatividade é resultado de feridas profundas e não cicatrizadas. O campo emocional é hipersensível, levando a respostas impulsivas em contextos de pressão afetiva ou rejeição percebida.","Você é como uma brasa escondida sob a superfície: parece fria, mas guarda calor intenso. Sua dor aprendeu a se camuflar, mas ainda grita por reconhecimento silencioso.",Nem toda resposta precisa ser um reflexo. Algumas merecem pausa.,Toque circular no centro da palma com o polegar oposto,Lavanda e manjericão combinados,Sons de taiko suaves ou tambores tribais,Formas circulares que evocam retorno ao centro,Infusão de camomila com anis-estrelado
R6Y3B3,A015,Perfil de Desalinhamento Emocional Crônico,O Esquecido de Si,"Este arquétipo expressa desalinhamento crônico entre emoção e ação. A pessoa sente uma coisa, pensa outra e reage de uma terceira forma, gerando conflitos internos e externos constantes.",Você caminha com o corpo para um lado e a alma para outro. Já não se reconhece na forma como age — e isso é um chamado. Você está em busca da própria coerência.,Recolher-se é parte do caminho para reencontrar-se.,Autotoque cruzado nos ombros com respiração profunda,Hortelã-pimenta para abrir clareza,Sons de água correndo lentamente,Espelhos desfocados ou mosaicos quebrados,Água com gotas de limão e alecrim
R6Y4B2,A016,Perfil de Oscilação Afetiva Moderada,O Espelho Partido,"Oscilação emocional com momentos de lucidez afetiva. O indivíduo reconhece seus padrões, mas ainda não internalizou estratégias sólidas de autocontenção e autocuidado.","Você é o espelho que já foi partido, mas está em processo de colagem. Cada rachadura conta uma história, e cada caco restaurado se torna parte da nova beleza.",A instabilidade não te define — ela apenas revela onde ainda há trabalho.,Dedos pressionando a testa e soltando em ritmo de respiração,Capim-limão e lavanda em vapor leve,Piano suave com sons espaciais,Imagens de vidro rachado sendo restaurado,Gengibre com mel em infusão morna
R6Y5B1,A017,Perfil de Autodefesa Intermitente,O Guardião das Margens,"Indivíduo que ativa defesas emocionais pontuais em contextos de proximidade. Apresenta momentos de abertura e fechamento abruptos, com padrões de autoquestionamento recorrente.","Você se aproxima como quem teme ser tocado. Há em você um desejo de confiar, mas a lembrança da dor ainda se interpõe. Respire fundo, pois a cura caminha com passos pequenos.",Nem sempre é fuga — às vezes é só proteção antiga.,"Toque intermitente nos braços, simulando pulsos",Alecrim com lavanda,Notas espaçadas de cordas suaves,Imagem de janelas entreabertas,Chá de folhas secas e mel
R7Y0B5,A018,Perfil de Conflito Interno com Desejo de Mudança,A Semente na Fissura,"O perfil aponta para alguém que tenta romper padrões, mas mantém resistências internas. A evolução emocional ocorre em ciclos, muitas vezes boicotada por crenças inconscientes.","Você está entre a porta e a maçaneta. Quer ir, mas algo em você ainda deseja permanecer. Não se culpe pela hesitação: todo passo real vem após um tropeço interno.",A dúvida é a margem do despertar.,Toque alternado nos pés descalços no chão,Erva-doce com casca de laranja,Som de ponteiros ou passos no assoalho,Imagem de portal ou beco iluminado,Tâmara ou figo seco
R7Y1B4,A019,Perfil de Dissociação Emocional Estratégica,O Disfarce do Vazio,Este perfil representa um movimento interno de dissociação emocional estratégica. A pessoa preserva sua essência protegendo-a com camadas de racionalização e controle social.,"Você aprendeu a esconder sua alma para sobreviver — e ela se acostumou com o escuro. Mas agora ela pede luz, não exposição. A verdade pode se revelar em silêncio também.",Não é necessário gritar para se mostrar.,Contato com tecido macio sob as mãos,Pinho e folhas verdes,Som de floresta ao amanhecer,Caminho sombreado com luz filtrada,Infusão de folha de pitanga
R7Y2B3,A020,Perfil de Expectativa Emocional Compulsiva,O Buscador Incansável,"Perfil com traços de ansiedade emocional cíclica. Há um impulso de resolver tudo ao mesmo tempo, resultando em sobrecarga e sensação de frustração recorrente.","Você carrega em si o desejo de fazer florescer tudo ao redor, mas esquece de regar suas próprias raízes. Há urgência em sua entrega, mas sua alma pede tempo.",Nem toda cura acontece no seu tempo — ela tem o dela.,Toque nas articulações com pressão leve e rotativa,Camomila e folha de louro,Mar calmo com sons de gaivotas ao fundo,Pôr do sol com nuvens lentas,Uva ou amora preta fresca
R7Y3B2,A037,Perfil de Reatividade Persistente com Isolamento Interno,O Eremita Ferido,"Este perfil revela um estado crônico de reatividade emocional aliada ao distanciamento afetivo. A pessoa tende a interpretar o mundo como hostil, e isola suas emoções como forma de autoproteção constante.","Você construiu um castelo para se proteger, mas agora ele também te impede de sair. Sua alma anseia por conexão, mesmo que negue. Há esperança até nas muralhas mais espessas.",Abrir uma fresta já é um gesto de coragem.,Toque nos ombros com pressão e respiração profunda,Mirra e cipreste,Som de vento entre árvores,Imagem de floresta densa com luz filtrada,Chá de raiz com notas amargas (ex: boldo ou gengibre)
R7Y4B1,A038,Perfil de Autossabotagem Intermitente,O Escultor Inseguro,Este arquétipo reflete uma pessoa que alterna entre desejo de crescimento e ações inconscientes que atrasam seu progresso. A dúvida constante e o medo de não merecer sustentam padrões de autossabotagem emocional.,"Você é como um escultor que, ao ver a obra ganhando forma, teme que ela não seja aceita — e por isso a desfaz. Mas há beleza até nos pedaços que caem.",A coragem de terminar começa com a aceitação do que já nasceu.,Toque em círculos sobre o estômago com respiração lenta,Erva-doce e canela suave,Notas quebradas de piano com pausa,Imagem de mãos moldando argila,Maçã morna com especiarias leves
R7Y5B0,A039,Perfil de Pressão Interna por Aprovação,O Aplauso Invisível,"Pessoa que organiza suas emoções com base na validação externa. Vive para atender expectativas e, quando não reconhecida, mergulha em autodepreciação ou culpa emocional.","Você construiu palcos que ninguém pediu, e quando não aplaudem, sua alma se encolhe. Mas o que você precisa não é plateia, é paz.",A libertação começa quando você aprende a se aplaudir em silêncio.,Toque no centro do peito com pressão de uma mão,Baunilha e flor de laranjeira,Som de multidão ao longe dissolvendo-se em silêncio,Luzes se apagando no palco com uma vela acesa ao fundo,Tâmara ou amêndoa com atenção plena
R8Y0B4,A040,Perfil de Sobrecarga Emocional Oculta,A Coluna Invisível,"Indivíduo que carrega emocionalmente diversas pessoas e situações, sem expressar sua exaustão. Aparência funcional, mas com riscos altos de colapso emocional interno.","Você sustenta mundos sem que ninguém perceba. Mas até colunas precisam de fundação. Seu valor não está no quanto suporta, mas no quanto permite ser sustentado também.",Você também merece ser amparado.,Pressão alternada nos dois ombros como se recebesse um apoio,Eucalipto e capim-limão,Som de madeira rangendo suavemente,Imagem de tronco forte com folhas ao vento,"Infusão quente de ervas robustas (boldo, canela, cravo)"
R8Y1B3,A041,Perfil de Racionalização Emocional Estratégica,O Estrategista do Silêncio,Indivíduo que utiliza o raciocínio lógico como forma de neutralizar emoções. Reprime sentimentos para manter controle e evitar vulnerabilidade.,Você aprendeu a pensar para não sentir. Construiu muros com argumentos. Mas até a razão mais sólida precisa de afeto para florescer.,O equilíbrio mora entre a mente clara e o coração acessível.,Dedos pressionando a têmpora com o polegar no queixo,Alecrim com lavanda,"Notas repetidas de piano ou sons lógicos (tic-tac, digitação)",Linhas retas e simétricas,Chá de ervas amargas com mel
R8Y2B2,A061,Perfil de Conflito Interno em Fase de Reversão,O Labirinto com Luz,"Indivíduo que passou por conflitos intensos internos e começa a identificar padrões repetitivos que deseja transformar. Há intenção de mudança, ainda que com resistência.",Você está no meio do seu próprio labirinto — mas agora carrega uma lanterna. O caminho ainda confuso já está sendo iluminado por dentro.,A clareza começa quando a coragem acende a primeira luz.,Toque com a ponta dos dedos na testa e depois no peito,Eucalipto e alecrim,Sons de pegadas ecoando em espaço vazio,Caminhos bifurcados com luz ao fundo,Infusão de raiz (gengibre com hortelã)
R8Y3B1,A062,Perfil de Início de Regulação Emocional Consciente,O Equilibrista,"Pessoa que, mesmo com instabilidades internas, já consegue realizar pausas para refletir antes de reagir. Em transição de impulsividade para autocontenção equilibrada.","Você começou a caminhar na corda bamba do autodomínio. Ainda oscila, mas já reconhece o valor da pausa e da presença.","A força está em continuar, mesmo balançando.",Mãos espalmadas sobre o abdômen com respiração consciente,Erva-doce e limão siciliano,Som ritmado de passos leves,Imagem de fio estendido entre dois pontos,Água com gota de limão gelado
R8Y4B0,A063,Perfil de Aceitação das Emoções Negadas,O Reconhecedor,"Este arquétipo representa alguém que começa a aceitar emoções antes reprimidas, como raiva ou tristeza, com menos julgamento e mais curiosidade.",Você tirou da gaveta sentimentos que antes escondia. Está descobrindo que até o desconforto tem algo a ensinar.,Aceitar não é concordar — é integrar.,"Mãos cruzadas no peito, com leve pressão",Lavanda e casca de laranja amarga,Notas que sobem e descem lentamente,Porta sendo aberta para uma luz difusa,Infusão de hibisco e cravo
R9Y0B3,A094,Perfil de Leveza Responsável,A Borboleta com Rumo,"Indivíduo que une a capacidade de sonhar e voar com senso de responsabilidade. Delicadeza sem fuga, presença sem peso.","Você voa, mas sabe pousar. Não se perde no céu nem se prende à terra. Sua leveza tem direção.",Ser leve não é fugir — é flutuar com consciência.,Movimento circular das mãos sobre o coração e abdômen,Flor de cerejeira e verbena,Som de asas suaves ou pano ao vento,Borboleta voando sobre uma trilha,Fruta fresca em temperatura ambiente
R9Y1B2,A095,Perfil de Consistência Interna com Flexibilidade,O Bambuzal da Alma,Pessoa que mantém seus princípios mesmo em meio à mudança. Adapta-se sem perder sua essência.,"Você balança com o vento, mas não quebra. A sua firmeza é feita de escuta, e sua raiz é fé.",Forte é quem se curva sem se perder.,Toque suave nas laterais do corpo com respiração lenta,Eucalipto e chá verde,Som de bambus ao vento,Bambuzal curvado em meio à brisa,Chá fresco com toque herbal amargo
R9Y2B1,A096,Perfil de Fé Prática e Esperança Aplicada,O Construtor do Invisível,"Pessoa que age com esperança como fundamento. Sua fé se manifesta em decisões, projetos e relações com intencionalidade espiritual.","Você planta como quem já viu o fruto. A esperança é seu tijolo invisível — e com ele, você constrói presença.",A fé se prova quando vira ação sem plateia.,Palmas pressionadas entre si com respiração firme,Canela e resina leve,Som de martelo suave sobre madeira,Construção em curso com flores ao redor,Pão morno com especiarias
R9Y3B0,A097,Perfil de Serviço Espiritual Discreto,A Mão Invisível,"Pessoa que atua no mundo com generosidade silenciosa. Sua ação transforma, mesmo quando ninguém percebe.","Você não busca reconhecimento, apenas oferece o que transborda. Sua alma é doação em silêncio.",Servir é dar sem esperar eco.,Toque nas palmas voltadas para baixo,Sândalo e capim-limão,Sons leves de tarefas domésticas em fundo meditativo,Mãos ofertando algo sob luz difusa,Comida morna feita com intenção
R10Y0B2,A098,Perfil de Percepção Amorosa do Outro sem Julgamento,O Olhar sem Condenação,Indivíduo que compreende a jornada alheia sem pressa ou imposição. Cultiva empatia profunda.,Você não aponta — você acolhe com o olhar. Sua alma entendeu que cada um caminha no tempo da graça.,A compaixão começa quando cessa o julgamento.,Toque leve sobre os olhos com olhos fechados,Jasmim e alecrim suave,Voz baixa dizendo 'eu te entendo',Olhos marejados em compreensão mútua,Chá doce com especiarias leves
R10Y1B1,A099,Perfil de Intuição Alinhada ao Serviço,A Voz Interior Coletiva,"Pessoa que segue sua intuição para ajudar os outros. Age em silêncio, guiada por uma percepção sutil do que é necessário.",Você ouve a necessidade antes que ela seja dita. Sua alma age como ponte entre o invisível e o agora.,A intuição que serve é voz do espírito em forma de gesto.,Dedos tocando os ouvidos e depois o coração,Flor de laranjeira e verbena,Sons suaves que precedem o silêncio,Pessoa agindo antes de ser solicitada,Infusão de flores brancas e mel
R10Y2B0,A100,Perfil de Transparência Espiritual com Ação Ética,O Espelho Dourado,"Pessoa que vive com transparência e retidão, guiada por princípios elevados, mesmo nos pequenos detalhes.",Você não precisa explicar sua luz — ela se nota nos seus atos. Sua alma é espelho limpo e brilho manso.,Integridade é espiritualidade que chegou à prática.,Toque com os dedos no centro do peito e leve inclinação do queixo,Olíbano e flor clara,Notas claras e contínuas em tons ascendentes,Reflexo do sol sobre água limpa,Alimento fresco com sabor puro (ex: fruta recém-colhida)
R11Y0B1,A101,Perfil de Interiorização com Sabedoria Visionária,O Vidente Silencioso,Pessoa que vive voltada ao mundo interior com lucidez e conexão com o futuro. Sua visão é orientadora.,Você vê longe mesmo de olhos fechados. Sua alma é bússola que aponta para o que ainda não nasceu.,Ver antes é sentir com os olhos do espírito.,Toque entre as sobrancelhas e peito simultaneamente,Mirra e erva-cidreira,Som de notas que ecoam lentamente para longe,Neblina com figura caminhando ao fundo,Infusão escura e profunda com raiz
R11Y1B0,A102,Perfil de Amor como Estado Natural,O Sol Interno,"Pessoa que vibra amor sem distinção, sem esforço. É amor que acontece porque se é, não porque se faz.","Você não precisa decidir amar — você já é. Seu amor não depende de estímulo, ele é fonte contínua.",Ser amor é mais profundo do que amar alguém.,Toque quente nas costas das mãos com gratidão,Flor de campo e mel suave,"Sons solares — pássaros, risos, folhas dançando",Sol interno em meditação irradiando luz,Alimento simples e luminoso como fruta fresca
R12Y0B0,A103,Perfil de Comunhão Espiritual em Ações Rotineiras,O Monge Cotidiano,Pessoa que fez do cotidiano um altar. Suas tarefas simples tornaram-se atos sagrados pela intenção colocada.,Você varre o chão como quem consagra. Suas ações são liturgias do invisível.,"Consagrar é fazer do comum, sagrado.",Toque nos joelhos e depois no peito com respiração lenta,Chá preto e folha seca,Sons cotidianos com intenção sagrada (ex: água sendo colocada),"Cenas simples com luz suave (cozinha, jardim)",Comida feita com intenção e presença
R0Y10B2,A005,Perfil de Reestruturação Emocional Ativa,O Reequilibrador,"Indivíduo em processo ativo de reorganização emocional. A zona de transição prevalece, mostrando movimentação interna, ressignificação de padrões antigos e construção gradual de estabilidade. Ainda há conflitos, mas a consciência cresce.",Você é como o rio que aprendeu a lidar com as pedras sem parar de fluir. A alma está aprendendo a se mover com menos luta e mais escuta. Cada passo incerto é também um passo mais livre.,Transição não é fraqueza — é construção em movimento.,Toque alternado nas têmporas com os olhos fechados,Alecrim (clareza e foco),Som de ondas suaves + piano leve,Texturas orgânicas e madeira clara,Maçã ou pera em temperatura ambiente
R0Y11B1,A006,Perfil de Maturação Emocional Emergente,O Coração em Germinação,Perfil emocional de crescimento. Predominância de zona de transição com forte impulso à evolução. O indivíduo se percebe em um ciclo de desconstrução de velhos hábitos e experimentação de novos modos de sentir e agir.,"Sua alma começa a brotar. Ainda há a lembrança das tempestades, mas as raízes se firmam. Cada dúvida que dói hoje será adubo para o seu florescer de amanhã.",O que ainda é pequeno está apenas criando força para durar.,Toque com as pontas dos dedos no solo ou parede,Erva-doce ou flor de laranjeira,Cantos de pássaros ao amanhecer,Imagem de botão de flor prestes a abrir,Frutas frescas ou brotos suaves
R0Y12B0,A007,Perfil de Consciência Emocional em Transição Elevada,O Viajante do Limiar,"Este arquétipo representa alguém prestes a atravessar um portal emocional profundo. O passado degradante foi quase completamente superado, e a alma encontra-se agora em maturação. A transformação está em curso e depende de pequenos ajustes de crença e prática.","Você está diante da soleira de si mesmo. Já não se contenta com o que lhe feriu, e deseja o que cura. O medo tenta prender seus pés, mas sua alma já está voando antes mesmo do corpo decidir saltar.",Você já não cabe na versão antiga de si mesmo.,Mãos espalmadas sobre o peito e abdômen alternadamente,Jasmim ou verbena,"Sons de portais (tigelas, sinos, harpas)",Caminhos estreitos com luz ao fundo,Uvas ou melão com atenção ao frescor
R0Y6B6,A021,Perfil de Hiperadaptação Instável,O Camaleão Interno,"Indivíduo com forte potencial de estabilização emocional. Mostra domínio de suas respostas afetivas com momentos pontuais de oscilação, geralmente ligadas a relações próximas.","Você é como a maré: constante, mas viva. Seu equilíbrio não vem da rigidez, mas da sabedoria de fluir. O que te ancora é a consciência do que é essencial.","Estabilidade é arte, não rigidez.",Toque com as palmas abertas sobre o abdômen,Sândalo suave,Instrumentos de corda grave em ritmo contínuo,Horizontes amplos e simétricos,Infusão de maçã seca com canela
R0Y7B5,A022,Perfil de Carga Emocional Redistribuída,O Equilibrista da Alma,"Este perfil demonstra flexibilidade emocional e adaptabilidade. Indivíduo tende a manter coerência em situações de instabilidade, com forte autocontenção e empatia.",Você se move com graça mesmo quando tudo ao redor parece ruir. Sua alma encontrou um jeito de dançar com as incertezas — e é nisso que habita sua beleza.,Equilíbrio não é perfeição — é presença sensível.,Massagem leve no pescoço com respiração profunda,Flor de laranjeira e lavanda,Sons de vento suave em folhas,Caminho de pedras em jardim,Pera ou maçã ao natural
R0Y8B4,A023,Perfil de Regulação Inicial em Ambientes Tóxicos,A Ponte Ferida,Este perfil manifesta um equilíbrio emocional crescente. A pessoa desenvolve cada vez mais segurança interna e começa a influenciar positivamente o ambiente ao redor.,"Você é como um farol em construção: já emite luz, mas continua sendo lapidado. Seu brilho é real mesmo quando não é visto.",Quem você está se tornando já começou a agir no mundo.,Mãos cruzadas sobre o coração com pressão sutil,Verbena e lírio branco,Vozes harmônicas femininas suaves,Reflexo da luz em superfícies naturais,Chá branco com frutas desidratadas
R0Y9B3,A024,Perfil de Ambivalência com Núcleo de Estabilidade,A Âncora Flutuante,"Indivíduo em processo de liberação de padrões emocionais antigos. Apresenta forte tendência à empatia e à escuta interna, mas ainda alterna com momentos de insegurança.",Você é o som da onda que se recolhe para depois voltar com mais força. Sua alma já não cabe em antigos limites — e ela sabe disso.,A dúvida é a oração da alma antes da entrega.,Toque intercalado entre ombros e nuca,Canela com rosa branca,Sons oceânicos rítmicos e graves,Maré baixa em pedras claras,Infusão de cravo e flor de hibisco
R1Y10B1,A025,Perfil de Renovação Emocional Latente,A Cinza que Respira,Perfil com predominância de integração emocional. Pessoa que já vivenciou ciclos complexos e agora manifesta estabilidade com presença e escuta ativa.,Você se tornou aquilo que procurava: presença. E sua presença não exige nada — ela acolhe. Sua alma se tornou casa.,Ser é mais do que fazer: é sustentar silêncio com amor.,Toque simultâneo no peito e na testa,Sândalo com baunilha leve,Notas longas em violino solo,Imagens amplas com céu azul e horizonte,Damasco ou fruta doce em temperatura ambiente
R1Y11B0,A026,Perfil de Alquimia Emocional em Curso,O Alquimista das Quedas,"Indivíduo que atingiu grande estabilidade emocional e espiritual, mantendo coerência entre ação, pensamento e sentimento. Exerce influência positiva no meio em que vive.","Você é terra firme no meio da tormenta. Sua alma não impõe, mas conduz. Onde você está, há um tipo de silêncio que cura.",Você não precisa convencer — sua vibração já fala por você.,Toque firme nos pulsos com respiração longa,Mirra e cedro em baixa concentração,Notas sustentadas em instrumentos de sopro,Imagem de catedral vazia com luz,Água em jejum com intenção clara
R1Y6B5,A027,Perfil de Convergência Interna Ativa,O Convergente Silencioso,Perfil de maturidade afetiva com traços de transcendência. A pessoa se destaca pela capacidade de transformar ambientes com sua escuta e presença.,Sua alma se tornou uma ponte entre o invisível e o presente. Você já não precisa ser notado — porque já se tornou essência.,A profundidade não faz barulho.,Toque com pontas dos dedos em forma de triângulo sobre o coração,Flor de lótus e alecrim,Campainhas ou sinos distantes,Geometria sagrada ou padrão mandálico,Infusão de hibisco com maçã seca
R1Y7B4,A028,Perfil de Restauração com Resíduos Emocionais,A Cura com Cicatriz,Este perfil representa domínio emocional com abertura à espiritualidade. A pessoa manifesta valores sólidos e um senso de missão pessoal no mundo.,"Você é resposta viva a uma pergunta que o mundo ainda não formulou. Sua caminhada é sagrada, mesmo quando silenciosa.",A sabedoria mora onde ninguém compete.,Toque nas têmporas com leve rotação,Sândalo com noz-moscada,Mantras tibetanos ou canto harmônico,Luz natural filtrada por folhas verdes,Frutas secas mastigadas com atenção
R1Y8B3,A029,Perfil de Estabilidade Expandida,O Jardim Pós-Tempestade,"Indivíduo com forte senso de transcendência emocional. Já não se prende a reações automáticas e conduz suas relações com equilíbrio, escuta e empatia.","Você é como o sopro que alivia sem perturbar. Sua alma aprendeu que não é sobre vencer, mas sobre servir com sentido.","Quando o amor é leve, ele também é firme.",Mãos unidas em forma de concha sobre o abdômen,Erva cidreira e flor de jasmim,Sons de harpa com intervalos longos,Imagem de mãos entrelaçadas em oração silenciosa,Infusão suave de camomila e maçã
R1Y9B2,A030,Perfil de Coerência em Reconstrução Afetiva,O Reconstrutor Afetivo,Este perfil indica domínio da estabilidade emocional e clareza espiritual. A pessoa influencia positivamente com sua presença e vive com leveza em meio ao caos externo.,"Você é o silêncio que abraça. Sua paz não depende do mundo, mas já transformou muitos sem precisar se impor.",Ser paz é mais profundo que falar sobre ela.,Contato com superfícies quentes e lisas,Flor de lavanda e ylang ylang,Som ambiente com harmonia de sinos e vento,Paisagem ampla e aberta sob o céu azul,Água com pétalas de rosa em infusão
R2Y10B0,A042,Perfil de Anulação Emocional por Crença de Inutilidade,A Voz Que Não Ecoa,"Este perfil revela uma personalidade com sensação constante de não merecimento. Dificuldade em aceitar elogios, reconhecer valor e expressar necessidades.",Você se cala antes mesmo de tentar falar. Acredita que sua dor é pequena demais para importar. Mas uma semente também começa em silêncio.,Você tem valor mesmo quando não acredita nisso.,Toque firme no peito com a mão inteira,Camomila com erva-doce,Sons suaves que aumentam lentamente (crescendo),Imagem de sombra emergindo para a luz,Frutas doces mastigadas devagar
R2Y5B5,A043,Perfil de Controle Emocional por Medo de Rejeição,O Acordo Silencioso,"Pessoa que ajusta suas reações para agradar, por receio de ser rejeitada. O excesso de diplomacia e contenção emocional causa autonegação.","Você tenta ser tudo para todos, mas se esquece de ser você. A sua harmonia não pode custar sua verdade.",Paz que sufoca não é paz — é contrato com a solidão.,Autotoque nos ombros e cruzar os braços em autocontenção,Flor de laranjeira com eucalipto,Sons abafados ou vozes atrás da porta,Cortinas fechadas com luz vazando,Infusão de menta com toque amargo
R2Y6B4,A044,Perfil de Fragmentação Interna por Sobrecarga Sensorial,O Espírito Estilhaçado,"Pessoa que vive em constante estímulo emocional, sem pausas para integrar. Sente tudo ao mesmo tempo e não consegue identificar seus próprios sentimentos com clareza.","Sua alma é como um vitral que quebrou antes de ser montado. Há beleza nas partes, mas você merece ver o quadro inteiro.",A pausa é o que transforma excesso em sabedoria.,Palmas encostadas com foco no calor gerado,Manjerona e lavanda,"Sons interrompidos, seguidos de silêncio",Estilhaços de vidro refletindo luz,Alimento simples: pão fresco ou banana
R2Y7B3,A045,Perfil de Padrão Repetitivo de Autocrítica,O Juiz Interior,Indivíduo com tendência à crítica constante de si mesmo. Altos padrões de exigência interna e baixa compaixão pessoal.,"Você olha para si com uma lupa, mas para os outros com um espelho embaçado. Sua exigência é uma armadura — pesada demais para o coração carregar.",Autoamor não é indulgência — é justiça emocional.,Dedos tocando o queixo em posição de acolhimento,Flor de jasmim e melissa,Som suave de voz guiada dizendo palavras gentis,Rostos sorrindo para o próprio reflexo,Infusão doce com canela e mel
R2Y8B2,A046,Perfil de Melancolia Funcional,O Sol Nublado,Este perfil representa alguém que mantém a rotina apesar de uma tristeza constante e silenciosa. A funcionalidade esconde um vazio interno que raramente é verbalizado.,"Você sorri com os olhos baixos. Cumpre o dia, mas a alma segue em ponto morto. Até as nuvens têm luz — e você também.",Você pode viver e ainda assim escolher florescer.,Toque nos pulsos com massagem leve e circular,Flor de lavanda e casca de limão,Sons de chuva fina no telhado,Paisagem cinza com pontos de cor,Chocolate amargo com toque cítrico
R2Y9B1,A047,Perfil de Isolamento Emocional Voluntário,O Guardião do Silêncio,"Pessoa que se afasta emocionalmente para preservar sua energia ou evitar conflitos. Aparente neutralidade, mas interna sensibilidade elevada e não processada.","Você se retirou do mundo como quem precisa silêncio para respirar. Mas seu silêncio também merece companhia, mesmo que em gestos sutis.","O isolamento pode ser refúgio, mas também pode ser prisão.",Toque leve na nuca com olhos fechados,Pinho e hortelã,Silêncio com ruído branco ao fundo,Porta entreaberta com luz suave passando,Infusão de ervas verdes frescas
R3Y5B4,A048,Perfil de Autoanulação Afetiva,O Que Serve e se Esquece,"Este perfil descreve uma pessoa que vive para suprir as necessidades dos outros, negligenciando suas próprias emoções, desejos e limites.","Você virou casa para todos, mas não sabe onde está sua chave. Cuidar é virtude — mas se anular, não.",Você também é digno do cuidado que oferece.,Mãos entrelaçadas no colo em forma de concha,Melissa e flor de maracujá,Sons de lareira ou fogueira,Mesa posta com uma cadeira vazia,Pão quente com manteiga em silêncio
R3Y6B3,A049,Perfil de Autoexigência Disfarçada de Excelência,O Perfeccionista Cansado,"Indivíduo que apresenta alto desempenho, mas com base em medo de errar, julgamento interno severo e comparação constante com padrões idealizados.","Você chama de excelência o que às vezes é medo. Seu valor não está no que faz perfeito, mas no que realiza com verdade.",A excelência começa quando o medo sai do comando.,Dedos pressionando a testa e depois o peito,Hortelã e cravo,Notas repetidas e aceleradas com pausas conscientes,"Listas, padrões, metas desfocadas",Chá amargo com especiarias aquecidas
R3Y7B2,A050,Perfil de Autoconhecimento Emergente,A Aurora Interior,"Pessoa que começa a perceber suas emoções com clareza. Ainda enfrenta oscilações, mas demonstra capacidade de introspecção e autorregulação inicial.","Você está descobrindo os contornos da sua própria alma. Ainda há sombra, mas a luz já toca seu horizonte interior.",Ver a si mesmo é o início da verdadeira liberdade.,Toque no coração e respiração com consciência,Erva-cidreira e laranja doce,Sons de pássaros ao amanhecer,Luz dourada tocando folhas verdes,Frutas cítricas com toque de mel
R3Y8B1,A051,Perfil de Reconhecimento Emocional Tardio,O Acordar das Ondas,"Indivíduo que, após longos períodos de desconexão emocional, começa a reconhecer suas emoções com leveza e sem julgamento.","Você sentiu a maré voltando, mesmo depois de tantos dias de seca. A água que volta ensina a terra a florescer de novo.",Sentir não é fraqueza — é o início da presença.,Toque nos pulsos com atenção plena,Rosa branca e camomila,Som de mar calmo à distância,Ondas lentas em praia vazia,Infusão de pétalas com toque de mel
R3Y9B0,A064,Perfil de Autoexpressão Emergente,A Voz que Desperta,"Pessoa que começa a se permitir falar, nomear e expressar sentimentos e limites. Em fase inicial de verbalização emocional com autenticidade.",Você começou a dizer aquilo que antes só sentia. Sua voz não precisa ser alta para ser verdadeira — basta que venha do centro.,Sua verdade tem som. Deixe-a ecoar.,Toque com a ponta dos dedos na garganta,Menta e flor de laranjeira,Sons de voz sendo testada em eco,Boca entreaberta com som em formação,Gengibre com limão em infusão morna
R4Y4B4,A065,Perfil de Despertar Intuitivo Inicial,A Centelha que Escuta,"Indivíduo que começa a reconhecer sua intuição como recurso real. Ainda tímido em confiar plenamente, mas já percebe conexões internas que guiam escolhas sutis.",Você começou a ouvir algo que não vem da mente. Um sussurro discreto que aponta direções com mais verdade do que lógica.,A intuição é a voz da alma falando com ternura.,Toque leve com o indicador entre as sobrancelhas,Louro e flor de lavanda,Sons suaves com ecos profundos,Luz tênue saindo do centro de uma flor,Infusão de folha de pitanga com gotas de mel
R4Y5B3,A066,Perfil de Redescoberta do Propósito Pessoal,O Reencaminhado,Pessoa que passa a reavaliar suas escolhas e valores em busca de sentido mais profundo. Questiona antigas estruturas e começa a se reposicionar.,"Você parou para perguntar: 'É isso mesmo que eu quero viver?'. E nesse silêncio, uma nova rota começou a se desenhar.",O propósito nasce quando a alma recusa o piloto automático.,Toque no coração com palma aberta,Manjericão e cedro,Sons de passos ecoando em templo vazio,Caminho que bifurca entre montanhas,Água fresca com ramo de alecrim
R4Y6B2,A067,Perfil de Superação de Vínculos Emocionais Tóxicos,O Elo Quebrado,"Indivíduo que começa a se libertar de padrões relacionais que limitavam seu crescimento. Ainda sente culpa ou dúvida, mas prioriza sua verdade interna.","Você rompeu o elo que te mantinha preso. Dói, mas há uma leveza nova que já começa a nascer entre os escombros.",Romper pode ser um ato de amor-próprio.,Dedos entrelaçados sendo soltados devagar,Cravo e erva-cidreira,Som de corrente se partindo e vento suave depois,Corrente quebrada sob luz suave,Chá amargo com toque de doçura no final
R4Y7B1,A068,Perfil de Reintegração de Partes Negadas,O Inteiro que Retorna,Pessoa que passa a acolher traços rejeitados de sua personalidade com aceitação e compaixão. Caminha rumo à integração psicoespiritual.,"Você reencontrou partes suas que havia deixado para trás. Agora, começa a juntar as peças do seu todo com amor e sem pressa.",Voltar para si é a maior reconciliação possível.,Mãos tocando alternadamente o rosto e o peito,Flor de lótus e sândalo claro,Sons ascendentes de cordas com silêncio ao final,Espelho trincado sendo restaurado,Infusão leve de flores com anis
R4Y8B0,A069,Perfil de Abertura à Vulnerabilidade Consciente,O Desarme Sagrado,"Pessoa que começa a permitir-se sentir e compartilhar suas emoções com mais verdade, mesmo diante do medo de julgamento.","Você está aprendendo que vulnerabilidade não é fraqueza — é abertura. E nesse gesto, há mais força do que em qualquer escudo.",Baixar a guarda é abrir o coração para o real.,Mãos apoiadas no peito com leve pressão,Rosa e camomila,Notas suaves que crescem em harmonia,Flor se abrindo sob luz natural,Chá de pétalas com toque adocicado
R5Y5B2,A070,Perfil de Transição do Medo para a Confiança,O Degrau Invisível,"Indivíduo que enfrenta o medo de agir, mas decide seguir com base na fé interna. Está no limiar entre o velho padrão e o novo passo.",Você não viu o chão — e ainda assim pisou. Seu movimento é fé em forma de corpo.,A confiança nasce quando você age sem todas as certezas.,Ponta dos pés tocando o chão com olhos fechados,Verbena e flor de limão,Som de passos firmes ecoando suavemente,Escada com degraus invisíveis,Água com infusão de folhas verdes
R5Y6B1,A071,Perfil de Conexão Consagrada com a Voz Interior,O Eco que Retorna,Pessoa que silencia ruídos externos para ouvir sua intuição com clareza. A relação consigo mesmo passa a ser prioridade espiritual.,"Você buscou no mundo e descobriu que a resposta sempre esteve dentro. Agora, a escuta virou templo.",O que vem de dentro não engana.,Mãos cruzadas sobre o umbigo em respiração profunda,Sálvia branca e alfazema,Silêncio com eco interno profundo,Espelho d’água refletindo céu limpo,"Infusão de ervas purificadoras (alecrim, louro)"
R5Y7B0,A072,Perfil de Retorno à Essência Perdida,O Caminho de Volta,"Indivíduo que, após longas desconexões, retoma contato com seus valores originais e desejos autênticos. Há cura da identidade espiritual.","Você se perdeu para aprender a se reencontrar. E agora cada passo é um reencontro com o que te faz ser, sem esforço.",Voltar para si é mais sagrado do que encontrar algo fora.,"Toque entre as costelas com ambas as mãos, respiração leve",Cedro e jasmim,Melodia que inicia e retorna ao tom inicial,Trilha que faz curva e retorna ao ponto de luz,Chá morno de maçã com canela
R6Y6B0,A073,Perfil de Consagração Interior Progressiva,O Solo Fértil,Indivíduo em fase de germinação de virtudes profundas. A alma começa a florescer em silêncio e solidez.,"Você silenciou o mundo para ouvir a raiz crescer. Em você, a semente virou promessa.",Florescer é um verbo que começa no escuro.,Mãos fechadas como semente sob o coração,Terra úmida e flor branca,Sons graves de batimentos e pulsação lenta,Broto nascendo entre folhas secas,Infusão de folhas e raízes suaves
