codigo,fruto,nivel_emocional,descricao_estado_da_alma,diagnostico_emocional,exemplo_vida_familiar,exemplo_vida_social,exemplo_vida_profissional,exercicio_de_elevacao
AM12,Ã“dio,"ğŸ”¥ Ã“dio (vocÃª sente hostilidade, rejeiÃ§Ã£o profunda ou desejo de afastamento radical)","VocÃª estÃ¡ em um estado de negaÃ§Ã£o extrema do amor, muitas vezes guiado por dor profunda ou traumas passados que se converteram em Ã³dio.",RejeiÃ§Ã£o ativa do afeto como forma de defesa.,"Conflitos constantes, sensaÃ§Ã£o de rejeiÃ§Ã£o ou agressividade verbal com familiares.","Postura hostil ou intolerante, dificuldade em aceitar diferenÃ§as.","Competitividade excessiva, sabotagem de relaÃ§Ãµes no ambiente de trabalho.",Praticar a escrita de perdÃ£o mesmo sem enviar; iniciar uma oraÃ§Ã£o por alguÃ©m que gerou dor.
AM11,Raiva,ğŸ˜¡ Raiva (vocÃª sente impulsos agressivos ou intolerÃ¢ncia diante de certas pessoas),"VocÃª sente um calor emocional intenso, direcionado contra algo ou alguÃ©m, o que demonstra um bloqueio energÃ©tico forte.",Impulsividade emocional voltada contra si ou outros.,ExplosÃµes de raiva em discussÃµes banais.,Irritabilidade e impaciÃªncia com opiniÃµes diferentes.,"Dificuldade de colaboraÃ§Ã£o, reatividade a crÃ­ticas.",RespiraÃ§Ã£o diafragmÃ¡tica 4-4-4 durante 7 minutos ao sentir o impulso de raiva.
AM10,Ressentimento,ğŸ˜” Ressentimento (vocÃª guarda mÃ¡goas antigas que ainda influenciam suas relaÃ§Ãµes),"MÃ¡goas antigas ainda sangram. O amor deseja se expressar, mas estÃ¡ preso a memÃ³rias nÃ£o digeridas.",VÃ­nculos mal resolvidos impactando sua capacidade de entrega.,Ressentimentos recorrentes sobre o passado familiar.,Dificuldade em confiar nas pessoas.,ReaÃ§Ãµes defensivas a superiores ou colegas.,Escrever cartas simbÃ³licas de reconciliaÃ§Ã£o e queima consciente.
AM09,FrustraÃ§Ã£o,ğŸ˜¤ FrustraÃ§Ã£o (vocÃª sente decepÃ§Ã£o por nÃ£o receber o amor ou atenÃ§Ã£o que espera),"VocÃª deseja amar, mas estÃ¡ frustrado com a falta de reciprocidade ou resultados.",Amor bloqueado pela decepÃ§Ã£o.,FrustraÃ§Ã£o por se sentir nÃ£o reconhecido em casa.,Expectativas exageradas nos vÃ­nculos afetivos.,Sentimento de nÃ£o ser valorizado pelo esforÃ§o.,MeditaÃ§Ã£o com foco em doaÃ§Ã£o sem expectativa.
AM08,IrritaÃ§Ã£o,ğŸ˜  IrritaÃ§Ã£o (vocÃª se incomoda facilmente com atitudes ou comportamentos alheios),"Seu amor Ã© real, mas se expressa com irritaÃ§Ã£o pela impaciÃªncia de ver frutos rÃ¡pidos.",Afeto impaciente com falhas dos outros.,ImpaciÃªncia com erros recorrentes dos filhos ou cÃ´njuges.,Falta de tolerÃ¢ncia com os tempos alheios.,ResistÃªncia a trabalhar em equipe por lentidÃ£o dos demais.,PrÃ¡tica da pausa consciente: esperar 7 segundos antes de reagir verbalmente.
AM07,Desinteresse,"ğŸ˜¶ Desinteresse (vocÃª se desconecta com facilidade, evita se envolver afetivamente)","VocÃª jÃ¡ nÃ£o se importa tanto com o outro, e o interesse pelo bem do prÃ³ximo diminuiu.",IndiferenÃ§a afetiva progressiva.,Distanciamento emocional de pessoas prÃ³ximas.,Pouca empatia com problemas dos amigos.,Postura apÃ¡tica ou desinteressada com o ambiente.,"Escolher uma pessoa por semana para ajudar intencionalmente, sem ser solicitado."
AM06,DesaprovaÃ§Ã£o,"ğŸš« DesaprovaÃ§Ã£o (vocÃª tende a julgar, rejeitar ou se fechar diante de diferenÃ§as)","VocÃª estÃ¡ em julgamento constante. O amor nÃ£o flui, pois Ã© condicionado Ã  aprovaÃ§Ã£o moral.",Afeto reprimido por padrÃµes de julgamento.,Rigidez emocional com quem pensa diferente.,TendÃªncia a criticar atitudes alheias.,Pouca flexibilidade com estilos de trabalho distintos.,ExercÃ­cio da empatia inversa: imaginar o ponto de vista do outro antes de reagir.
AM05,IndiferenÃ§a,ğŸ˜ IndiferenÃ§a (vocÃª sente-se emocionalmente distante ou neutro em relaÃ§Ã£o aos outros),"VocÃª sente pouco. Nem rejeita, nem se entrega. EstÃ¡ em um campo neutro, de observaÃ§Ã£o silenciosa.",Estado emocional indiferente ou entorpecido.,"Pouca expressÃ£o de carinho, neutralidade afetiva.","PresenÃ§a discreta, sem envolvimento profundo.","Cumprimento mecÃ¢nico de tarefas, sem entusiasmo.",Aromaterapia ou arte terapia com tintas â€” estÃ­mulo ao sensÃ­vel.
AM04,AprovaÃ§Ã£o,"ğŸ‘ AprovaÃ§Ã£o (vocÃª aceita o outro como ele Ã©, mesmo que nÃ£o haja afinidade profunda)","VocÃª comeÃ§a a aprovar o outro sem exigir mudanÃ§as, reconhecendo o valor do que jÃ¡ Ã©.",AceitaÃ§Ã£o parcial com presenÃ§a amorosa.,DiÃ¡logos mais tolerantes com entes queridos.,Escuta ativa e respeito mÃºtuo.,Reconhecimento das qualidades dos colegas.,PrÃ¡tica de elogios sinceros diÃ¡rios.
AM03,Simpatia,"ğŸ˜Š Simpatia (vocÃª tem boa vontade, leveza e afeto espontÃ¢neo pelos outros)","VocÃª sente afeto natural e calor humano, mesmo sem profundidade de conexÃ£o.",Afeto leve e benÃ©fico em desenvolvimento.,Demonstrar simpatia nas interaÃ§Ãµes simples.,Gentileza espontÃ¢nea com estranhos.,Boa vontade e disposiÃ§Ã£o com colegas.,Agradecimentos conscientes e gestos simples de gentileza.
AM02,PaixÃ£o,"ğŸ”¥ PaixÃ£o (vocÃª sente amor intenso, mas ainda ligado ao desejo e Ã  necessidade de reciprocidade)","VocÃª sente prazer em doar amor, e isso comeÃ§a a se tornar um estado frequente.",Amor ativo com energia elevada.,DedicaÃ§Ã£o presente aos que ama.,AÃ§Ãµes compassivas e solidÃ¡rias.,Ajuda generosa e acolhimento de colegas.,PrÃ¡tica semanal de serviÃ§o voluntÃ¡rio ou gesto anÃ´nimo de bondade.
AM01,Amor,"ğŸ’— Amor (vocÃª ama com liberdade, compaixÃ£o e presenÃ§a, sem expectativa de retorno)","Seu amor Ã© puro, incondicional, e se expressa como canal de cura e luz.",Canal pleno de caridade e compaixÃ£o divina.,PresenÃ§a amorosa que pacifica o ambiente.,InspiraÃ§Ã£o natural para os que o rodeiam.,InfluÃªncia positiva e transformadora no grupo.,MeditaÃ§Ã£o compassiva + leitura espiritual + doaÃ§Ã£o voluntÃ¡ria mensal.
MA12,Crueldade SistemÃ¡tica,ğŸ”¥ Crueldade SistemÃ¡tica (vocÃª fere ou domina com frieza â€” e jÃ¡ nÃ£o vÃª isso como errado),"VocÃª se acostumou a agir com dureza repetitiva, como defesa ou imposiÃ§Ã£o.",Rigidez emocional transformada em padrÃ£o de violÃªncia.,Postura dominante com palavras e atitudes frias.,Comportamentos opressores em grupos.,Ambiente controlado pela intimidaÃ§Ã£o.,Observar o tom de voz em interaÃ§Ãµes e praticar pausas antes de reagir.
MA11,FÃºria Descontrolada,"ğŸŒªï¸ FÃºria Descontrolada (vocÃª perde o controle com frequÃªncia, mesmo contra quem ama)",Sua raiva escapa sem freio. HÃ¡ fÃºria inconsciente que toma conta.,Perda de controle emocional com explosÃµes frequentes.,Gritos e descontrole em discussÃµes.,DiscussÃµes intensas por motivos pequenos.,Ambientes de medo ao redor.,RespiraÃ§Ã£o 4-7-8 com Ã¡gua na boca (sem engolir) antes de responder agressivamente.
MA10,ViolÃªncia Verbal,"ğŸ—¯ï¸ ViolÃªncia Verbal (suas palavras ferem ou diminuem o outro, mesmo que nÃ£o fisicamente)",Suas palavras sÃ£o armas. A linguagem se tornou um canal de hostilidade.,ExpressÃ£o verbal agressiva como defesa.,Ofensas ou sarcasmo constante.,Irrita-se facilmente e responde com ironia.,CrÃ­ticas destrutivas com tom superior.,DiÃ¡rio de autocorreÃ§Ã£o: reescrever 3 frases ditas com versÃ£o gentil.
MA09,Agressividade Latente,ğŸ’¢ Agressividade Latente (vocÃª reage com dureza ou impaciÃªncia quando contrariado),"VocÃª reprime sua agressividade, mas ela pulsa em olhares e gestos.",Agressividade sutil e contida em tensÃ£o interna.,SilÃªncios carregados de raiva.,Postura de ameaÃ§a velada.,"Ambiente tenso sem palavras, apenas atitudes.",PrÃ¡tica corporal leve: alongamento com respiraÃ§Ã£o consciente ao acordar.
MA08,ResistÃªncia Ativa,"ğŸª ResistÃªncia Ativa (vocÃª se defende constantemente, como se tudo fosse ameaÃ§a)",VocÃª resiste a ceder ou a suavizar. Sua energia luta por autoafirmaÃ§Ã£o.,Defensividade contÃ­nua e exaustiva.,Dificuldade em pedir perdÃ£o ou ceder.,Insiste em ter razÃ£o nas discussÃµes.,NÃ£o aceita sugestÃµes facilmente.,"Escrever 3 situaÃ§Ãµes onde ceder nÃ£o foi fraqueza, mas sabedoria."
MA07,IrritaÃ§Ã£o Contida,"ğŸ§Š IrritaÃ§Ã£o Contida (hÃ¡ tensÃ£o dentro de vocÃª, mesmo quando tenta manter o controle externo)","VocÃª segura a irritaÃ§Ã£o, mas ela transparece em pequenas atitudes.",IrritaÃ§Ã£o acumulada e nÃ£o expressa.,Respostas secas e fechamentos.,Falta de paciÃªncia com o ritmo alheio.,Cumprimentos frios e desinteresse.,"PrÃ¡tica da gentileza forÃ§ada por 3 dias â€” sorrir, cumprimentar e escutar mesmo sem vontade."
MA06,TolerÃ¢ncia Cansada,"ğŸ˜£ TolerÃ¢ncia Cansada (vocÃª aguenta muito, mas por esgotamento â€” nÃ£o por sabedoria)",VocÃª tolera por obrigaÃ§Ã£o. Sua energia estÃ¡ esgotada de insistir no controle.,ExaustÃ£o emocional com desgaste de vÃ­nculo.,"Presente fisicamente, mas ausente emocionalmente.","Finge que estÃ¡ tudo bem, mas se cala com dor.","Faz o necessÃ¡rio, sem afeto.","1 pausa diÃ¡ria com chÃ¡, mÃºsica leve e olhar para o cÃ©u por 10 minutos."
MA05,Neutralidade Emocional,"ğŸ˜ Neutralidade Emocional (vocÃª evita reaÃ§Ãµes intensas, mas tambÃ©m nÃ£o se entrega com suavidade)","VocÃª nÃ£o ataca, nem acolhe. Seu campo Ã© neutro, mas ainda nÃ£o amoroso.","Zona de nÃ£o-conflito, mas sem doÃ§ura.","Evita brigas, mas evita afetos tambÃ©m.",PresenÃ§a cordial sem conexÃ£o real.,Trabalho feito com distanciamento afetivo.,"Contato com a natureza por 15 minutos: Ã¡rvores, flores, vento no rosto."
MA04,PaciÃªncia Generosa,"ğŸŒ¬ï¸ PaciÃªncia Generosa (vocÃª sustenta o outro com leveza, sem se tornar permissivo ou frÃ¡gil)",VocÃª pratica a paciÃªncia com coraÃ§Ã£o aberto. Sua generosidade Ã© ativa.,Paz em aÃ§Ã£o com empatia real.,Responde com calma e atenÃ§Ã£o.,ReaÃ§Ãµes brandas e acolhedoras.,Flexibilidade e escuta ativa.,Enviar mensagem sincera de gratidÃ£o para alguÃ©m que tocou seu coraÃ§Ã£o.
MA03,DoÃ§ura Ativa,"ğŸ¯ DoÃ§ura Ativa (sua fala e postura transmitem calma e acolhimento, mesmo em momentos crÃ­ticos)","Sua doÃ§ura Ã© viva. Ela toca, acolhe e inspira confianÃ§a.",Afeto constante com ternura ativa.,Olhar sereno e presenÃ§a amorosa.,SensaÃ§Ã£o de paz onde vocÃª chega.,"Tom suave e eficiente, inspirador.",Desenhar um sÃ­mbolo pessoal da mansidÃ£o e colocÃ¡-lo no ambiente de trabalho ou casa.
MA02,MansidÃ£o Virtuosa,ğŸ’– MansidÃ£o Virtuosa (vocÃª escolhe palavras e gestos gentis mesmo diante de agressÃµes ou pressÃµes),"VocÃª vive em mansidÃ£o. Ã‰ a paz firme, que nÃ£o se curva Ã  violÃªncia.","MansidÃ£o consciente, com forÃ§a interna.",Estabilidade emocional em tempos difÃ­ceis.,MediaÃ§Ã£o de conflitos com leveza.,LideranÃ§a pacificadora e firme.,SilÃªncio diÃ¡rio de 5 minutos visualizando a palavra 'paz' dentro do peito.
MA01,Serenidade Iluminada,"ğŸŒˆ Serenidade Iluminada (vocÃª lida com conflitos e tensÃµes com doÃ§ura, presenÃ§a e firmeza amorosa)","Sua serenidade Ã© sagrada. VocÃª irradia leveza, mesmo em ambientes caÃ³ticos.",PresenÃ§a iluminadora que transmite cura.,Pilar de harmonia e sensibilidade.,Ponto de equilÃ­brio e refÃºgio.,Ambientes se transformam com sua presenÃ§a.,Oferecer silÃªncio e oraÃ§Ã£o por um local ou pessoa em conflito â€” mesmo Ã  distÃ¢ncia.
AL12,DepressÃ£o,ğŸ•³ï¸ DepressÃ£o (hÃ¡ escuridÃ£o interior e ausÃªncia de sentido ou vontade),"VocÃª se encontra em profunda escuridÃ£o interior, com ausÃªncia quase total de energia vital.","Estado depressivo grave, perda de sentido e esperanÃ§a.",Isolamento afetivo e falta de interesse por vÃ­nculos familiares.,Distanciamento ou desconexÃ£o com amigos e comunidade.,"DesmotivaÃ§Ã£o total, faltas constantes ou abandono de tarefas.",Buscar suporte terapÃªutico e realizar caminhadas ao sol por 15 min diÃ¡rios.
AL11,Desespero,"ğŸ˜© Desespero (vocÃª sente que estÃ¡ sem direÃ§Ã£o, esperanÃ§a ou perspectiva)","HÃ¡ uma perda de fÃ© no amanhÃ£, e o desespero ocupa o centro das emoÃ§Ãµes.",DesorganizaÃ§Ã£o emocional por ausÃªncia de perspectiva.,"Crises emocionais frequentes, sensaÃ§Ã£o de nÃ£o ser compreendido.",Evita interaÃ§Ãµes por medo ou sensaÃ§Ã£o de inadequaÃ§Ã£o.,SensaÃ§Ã£o de estar preso em ciclos sem propÃ³sito.,"Escrita diÃ¡ria de 3 coisas boas que jÃ¡ aconteceram, por mais simples que sejam."
AL10,AngÃºstia,"ğŸ˜° AngÃºstia (hÃ¡ um aperto no peito, confusÃ£o ou opressÃ£o emocional)","VocÃª sente aperto no peito e desconforto interior, com emoÃ§Ãµes reprimidas ou confusas.",Sufocamento emocional e tensÃ£o interna persistente.,SensaÃ§Ã£o de incompreensÃ£o ou nÃ£o pertencimento.,"Medo de exposiÃ§Ã£o ou julgamentos, retraimento.",InseguranÃ§a e bloqueio criativo constantes.,ExercÃ­cio de respiraÃ§Ã£o com liberaÃ§Ã£o vocal suave (suspiros guiados).
AL09,Tristeza,"ğŸ˜¢ Tristeza (hÃ¡ uma sensaÃ§Ã£o de perda, afastamento ou peso emocional)","Tristeza constante acompanha seus dias, com leve sensaÃ§Ã£o de vazio.",Campo emocional permeado por perdas nÃ£o integradas.,Choros silenciosos ou desÃ¢nimo perante os vÃ­nculos.,Dificuldade de demonstrar entusiasmo em grupos.,"Cumprimento mecÃ¢nico de tarefas, sem brilho.",Ouvir mÃºsicas com mensagens esperanÃ§osas e melodia suave diariamente.
AL08,DesÃ¢nimo,"ğŸ˜ DesÃ¢nimo (a motivaÃ§Ã£o estÃ¡ baixa, e os desafios parecem maiores)",VocÃª sente que tudo estÃ¡ pesado. Os desafios parecem maiores que as forÃ§as.,Fadiga emocional e mental constante.,ImpaciÃªncia e afastamento silencioso.,"Postura desinteressada, sem desejo de partilha.","Produtividade oscilante, procrastinaÃ§Ã£o frequente.","Banhos energÃ©ticos com ervas (ex: alecrim, hortelÃ£) 2x por semana."
AL07,Melancolia,"ğŸŒ§ï¸ Melancolia (hÃ¡ um fundo de nostalgia, saudade ou leve tristeza)",HÃ¡ uma nÃ©voa emocional em vocÃª. As emoÃ§Ãµes estÃ£o embotadas ou distantes.,"Estado emocional suspenso, introspectivo e reflexivo.","PresenÃ§a silenciosa, pouca troca afetiva.",TendÃªncia a se isolar mesmo em ambientes amigÃ¡veis.,Trabalho realizado com leve desconexÃ£o emocional.,Desenho intuitivo com mÃºsica instrumental por 10 minutos.
AL06,Neutralidade / Apatia,ğŸ˜ Neutralidade / Apatia (vocÃª sente que as emoÃ§Ãµes estÃ£o ausentes ou planas),VocÃª nÃ£o sente grandes dores nem alegrias. EstÃ¡ em um campo neutro ou apÃ¡tico.,Estabilidade emocional sem brilho ou paixÃ£o.,"Relacionamentos mornos, sem expressÃµes significativas.",PresenÃ§a sem envolvimento ou contribuiÃ§Ã£o ativa.,"Foco excessivo na lÃ³gica, falta de empolgaÃ§Ã£o.","Contato com aromas cÃ­tricos e toque em superfÃ­cies naturais (terra, madeira)."
AL05,Serenidade,"ğŸ˜Œ Serenidade (sua paz Ã© leve, silenciosa e estÃ¡vel)","VocÃª reencontra momentos de serenidade e leveza, mesmo que esporÃ¡dicos.",Paz emocional moderada e retomada do equilÃ­brio interno.,ConvÃ­vio pacÃ­fico e respeitoso com familiares.,"Conversas suaves, sensaÃ§Ã£o de acolhimento.",Boa fluidez nas tarefas e convivÃªncia saudÃ¡vel.,PrÃ¡tica de mindfulness com foco nos sons ambientes.
AL04,SatisfaÃ§Ã£o,ğŸ™‚ SatisfaÃ§Ã£o (vocÃª reconhece avanÃ§os e se sente realizado com o agora),VocÃª sente contentamento pelo simples. ComeÃ§a a se nutrir com o presente.,Alegria sutil e estÃ¡vel.,Risos espontÃ¢neos e conexÃ£o afetiva.,PresenÃ§a positiva em ambientes descontraÃ­dos.,Entusiasmo e criatividade ressurgindo.,Registro fotogrÃ¡fico de cenas simples que trazem bem-estar.
AL03,Felicidade,"ğŸ˜„ Felicidade (vocÃª se sente em sintonia com o que vive, com Ã¢nimo e paz)","VocÃª vibra com a vida, sente leveza e vÃª beleza no cotidiano.",Alegria ativa e contagiante.,Clima afetivo elevado em casa.,Protagonismo natural em grupos e conexÃµes.,Alta produtividade com leveza e harmonia.,Roda de gratidÃ£o ou partilha afetiva semanal.
AL02,Alegria,"ğŸ˜Š Alegria (hÃ¡ contentamento leve, real e constante em seu dia a dia)","VocÃª vive em estado de felicidade natural, mesmo com desafios.",Alegria consistente com raÃ­zes profundas.,PresenÃ§a que inspira e eleva.,Fonte de motivaÃ§Ã£o e alegria para os outros.,LideranÃ§a positiva e criativa.,Cantar ou danÃ§ar livremente como ritual de alegria pessoal.
AL01,ÃŠxtase,"ğŸŒˆ ÃŠxtase (vocÃª sente um transbordamento de plenitude, presenÃ§a e gratidÃ£o)",Seu estado Ã© de Ãªxtase espiritual e emocional. Amor e gratidÃ£o se fundem em vocÃª.,Estado de graÃ§a e expansÃ£o da consciÃªncia.,TransformaÃ§Ã£o do ambiente pela sua vibraÃ§Ã£o.,Irradia luz e atrai conexÃµes profundas.,ReferÃªncia de inspiraÃ§Ã£o e propÃ³sito.,SilÃªncio contemplativo diÃ¡rio + doaÃ§Ã£o de algo precioso com gratidÃ£o.
BE12,Crueldade Calculada,ğŸ‘¿ Crueldade Calculada (vocÃª Ã© capaz de ferir intencionalmente sem culpa ou arrependimento),"HÃ¡ uma frieza estratÃ©gica, onde a crueldade Ã© aplicada de forma consciente e racional.","AusÃªncia intencional de compaixÃ£o, com cÃ¡lculo egoico.",ManipulaÃ§Ã£o emocional para obter vantagem.,Atos calculados que ferem deliberadamente.,DecisÃµes desumanas em nome do lucro.,MeditaÃ§Ã£o sobre a consequÃªncia dos prÃ³prios atos na alma do outro.
BE11,MalevolÃªncia,"ğŸ©¸ MalevolÃªncia (vocÃª age movido por feridas, orgulho ou prazer na dor alheia)","O prazer em causar dano, mesmo sutil, manifesta a ausÃªncia do amor ativo.",Deleite inconsciente ou velado no sofrimento alheio.,Palavras que humilham ou ferem profundamente.,Sarcasmo constante e ironia cortante.,Sabotagens ou boicotes planejados.,AutoanÃ¡lise de intenÃ§Ãµes antes de agir + visualizaÃ§Ã£o de reconciliaÃ§Ã£o.
BE10,MalÃ­cia Leve,"ğŸ§ª MalÃ­cia Leve (suas aÃ§Ãµes carregam intenÃ§Ãµes sutis de controle, vinganÃ§a ou manipulaÃ§Ã£o)","HÃ¡ intenÃ§Ã£o sutil de provocar incÃ´modos, ainda que mascarada de leveza.","MalÃ­cia leve, quase imperceptÃ­vel aos olhos comuns.",Brincadeiras que ferem ou expÃµem fragilidades.,Piadas com fundo de crÃ­tica constante.,Passividade agressiva no dia a dia.,Auto-observaÃ§Ã£o: escrever 3 falas que poderiam ser mais compassivas.
BE09,Ressentimento,ğŸ’¢ Ressentimento (vocÃª carrega mÃ¡goas que bloqueiam sua expressÃ£o de bondade),"O ressentimento se mistura Ã  doÃ§ura, bloqueando a gentileza plena.",MÃ¡goas antigas que impedem a entrega emocional.,Ajuda acompanhada de cobranÃ§as veladas.,Relacionamentos com energia de dÃ­vida afetiva.,Trabalho feito com amargura ou falta de reconhecimento.,DiÃ¡rio do perdÃ£o: anotar e soltar 1 ressentimento por dia.
BE08,Dureza de CoraÃ§Ã£o,ğŸ—¯ï¸ Dureza de CoraÃ§Ã£o (vocÃª tem dificuldade de sentir empatia ou se conectar afetivamente),VocÃª se tornou rÃ­gido. O amor nÃ£o alcanÃ§a o outro por barreiras emocionais.,Insensibilidade em nome da proteÃ§Ã£o ou moral.,Falta de escuta empÃ¡tica com filhos ou cÃ´njuge.,Rigidez em aceitar diferenÃ§as de vida.,"Frieza em decisÃµes e falas, mesmo quando justas.",PrÃ¡tica semanal de escuta silenciosa sem interrupÃ§Ãµes por 10 minutos.
BE07,IndiferenÃ§a EgoÃ­sta,ğŸª¨ IndiferenÃ§a EgoÃ­sta (vocÃª se importa mais com seus interesses do que com os outros),VocÃª se protege evitando se envolver. Sua empatia se retraiu.,Fechamento emocional por medo de se doar.,AusÃªncia em momentos afetivos importantes.,IndiferenÃ§a perante a dor alheia.,Trabalho feito sem calor humano ou empatia.,Escolher alguÃ©m por semana para perguntar sinceramente: 'Como vocÃª estÃ¡?'
BE06,Frieza Emocional,â„ï¸ Frieza Emocional (vocÃª age com distÃ¢ncia ou insensibilidade em muitas situaÃ§Ãµes),Suas emoÃ§Ãµes estÃ£o adormecidas. HÃ¡ distanciamento interno e afetivo.,Frieza como padrÃ£o de autoproteÃ§Ã£o.,Falta de demonstraÃ§Ãµes de carinho.,Respostas mecÃ¢nicas e frias.,Neutralidade mesmo em situaÃ§Ãµes humanas.,Banhos de sol diÃ¡rios + contato visual profundo com alguÃ©m confiÃ¡vel.
BE05,Neutralidade Afetiva,"ğŸ˜ Neutralidade Afetiva (vocÃª age de forma correta, mas sem envolvimento emocional)","VocÃª se encontra num estado de equilÃ­brio afetivo, mas ainda sem doaÃ§Ã£o ativa.","PresenÃ§a neutra, sem expressÃ£o amorosa ou hostilidade.","ConvivÃªncia cordial, mas distante.","InteraÃ§Ãµes formais, sem empatia profunda.","Relacionamentos profissionais respeitosos, porÃ©m frios.",Colocar intenÃ§Ã£o de bem-estar em pequenos gestos diÃ¡rios.
BE04,Gentileza Essencial,"ğŸŒ± Gentileza Essencial (suas aÃ§Ãµes carregam cuidado e presenÃ§a, sem esforÃ§o)","Sua gentileza Ã© natural. Ela nasce sem esforÃ§o, como expressÃ£o da alma.",Bondade espontÃ¢nea e sincera.,Palavras suaves e cuidado com os detalhes.,PresenÃ§a leve e agradÃ¡vel.,Ajuda generosa sem esperar retorno.,"Oferecer ajuda prÃ¡tica onde vÃª uma necessidade, com sorriso e leveza."
BE03,CompaixÃ£o Ativa,ğŸŒ· CompaixÃ£o Ativa (vocÃª sente empatia real e transforma isso em gestos concretos),VocÃª se move por compaixÃ£o. Sente e acolhe a dor do outro como sua.,Amor ativo em forma de empatia profunda.,Apoio emocional genuÃ­no sem cobranÃ§a.,AtenÃ§Ã£o plena Ã  dor dos amigos.,Escuta profunda e aÃ§Ã£o para aliviar sofrimentos.,ExercÃ­cio da compaixÃ£o: 5 minutos por dia visualizando alguÃ©m sendo curado pelo seu amor.
BE02,Benignidade Pura,ğŸŒ¸ Benignidade Pura (vocÃª oferece o melhor de si com leveza e intenÃ§Ã£o sincera),"Sua bondade Ã© pura, sem segunda intenÃ§Ã£o. VocÃª Ã© presenÃ§a curadora.",Amor incondicional em aÃ§Ã£o compassiva.,"Cuidado com todos, sem distinÃ§Ã£o.",InspiraÃ§Ã£o por atitudes discretas de bondade.,Clima de amor e respeito em torno de sua presenÃ§a.,Praticar 1 ato anÃ´nimo de gentileza todos os dias por 7 dias.
BE01,GraÃ§a Divina,"âœ¨ GraÃ§a Divina (vocÃª age com doÃ§ura, generosidade e compaixÃ£o mesmo diante da ingratidÃ£o)",VocÃª se tornou canal direto da graÃ§a divina. Sua alma oferta sem esforÃ§o.,Benignidade como natureza espiritual manifesta.,Ã‰ exemplo e refÃºgio emocional no lar.,Pessoas se sentem curadas sÃ³ por te ouvir.,PresenÃ§a que eleva e inspira aÃ§Ãµes nobres.,SilÃªncio interior diÃ¡rio + doaÃ§Ã£o generosa e anÃ´nima com gratidÃ£o.
BO12,Maldade Absoluta,"ğŸ’€ Maldade Absoluta (vocÃª sente desprezo ou prazer em fazer o mal, mesmo conscientemente)",VocÃª opera a partir de princÃ­pios que negam o bem e celebram o dano ao outro.,DesconexÃ£o total com a Ã©tica do amor.,Atos de opressÃ£o intencional ou destrutividade.,Comportamentos sÃ¡dicos ou antissociais.,DecisÃµes que intencionalmente causam sofrimento ou exploraÃ§Ã£o.,Autoquestionamento profundo: 'Quem fui ferido para ferir?' seguido de silÃªncio orante diÃ¡rio.
BO11,Perversidade,ğŸ”¥ Perversidade (vocÃª tem impulsos ou comportamentos que ferem o outro com clareza),"VocÃª expressa atitudes perversas, mesmo que mascaradas de racionalidade ou justiÃ§a.","MalÃ­cia racionalizada, distorÃ§Ã£o do bem.",DistorÃ§Ã£o dos fatos para manipular a verdade.,InfluÃªncia negativa e perversa sobre os outros.,Promove divisÃµes e caos para obter poder.,"Visualizar diariamente uma cena de compaixÃ£o, tentando se colocar no lugar do outro."
BO10,MalÃ­cia,"ğŸ˜ˆ MalÃ­cia (vocÃª age intencionalmente de forma a prejudicar, ainda que discretamente)","VocÃª usa a malÃ­cia para obter vantagem, mesmo Ã s custas da integridade do outro.",PredominÃ¢ncia do interesse prÃ³prio acima do bem coletivo.,Utiliza sentimentos para manipular decisÃµes familiares.,Mentiras convenientes e egoÃ­smo velado.,Comportamento dissimulado visando benefÃ­cio pessoal.,PrÃ¡tica de sinceridade radical em pequenas escolhas.
BO09,Sadismo,ğŸ”ª Sadismo (vocÃª sente certo prazer ou justificativa em causar dor ou puniÃ§Ã£o),VocÃª sente prazer ou indiferenÃ§a ao causar dor. HÃ¡ gozo no desequilÃ­brio alheio.,"Sadismo psicolÃ³gico ou emocional, mesmo que inconsciente.",ComentÃ¡rios que machucam propositalmente.,Rir da desgraÃ§a alheia.,HumilhaÃ§Ãµes veladas para manter controle.,Assistir histÃ³rias de superaÃ§Ã£o e refletir sobre o impacto da dor no outro.
BO08,Crueldade,"ğŸ§· Crueldade (vocÃª age com frieza ou rigidez, mesmo que isso machuque alguÃ©m)",VocÃª se tornou insensÃ­vel Ã  dor dos outros. A crueldade virou um recurso de proteÃ§Ã£o ou poder.,Blindagem emocional transformada em dureza.,IndiferenÃ§a com quem sofre ou falha.,Falta de empatia com causas sociais.,DesumanizaÃ§Ã£o em decisÃµes estratÃ©gicas.,Ato consciente de gentileza com alguÃ©m em vulnerabilidade.
BO07,ManipulaÃ§Ã£o,"ğŸ­ ManipulaÃ§Ã£o (suas aÃ§Ãµes bondosas tÃªm intenÃ§Ã£o oculta de ganho, controle ou aprovaÃ§Ã£o)","VocÃª age por manipulaÃ§Ã£o. Usa o outro como meio, nÃ£o como fim.",Relacionamentos com intenÃ§Ã£o oculta.,Cria culpa ou medo para obter favores.,Encantamento estratÃ©gico para obter vantagem.,"Controle de decisÃµes por seduÃ§Ã£o, ameaÃ§a ou bajulaÃ§Ã£o.",PrÃ¡tica de escuta sem intenÃ§Ã£o de resposta ou controle.
BO06,IndiferenÃ§a Cruel,ğŸ§Š IndiferenÃ§a Cruel (vocÃª ignora o outro mesmo vendo que ele precisa),VocÃª se mostra indiferente Ã s dores que presencia. O sofrimento do outro Ã© irrelevante.,EgoÃ­smo travestido de objetividade.,Ignora pedidos de ajuda emocional.,Finge nÃ£o ver situaÃ§Ãµes de injustiÃ§a.,Desconsidera impactos humanos de suas escolhas.,Escrever diariamente 1 atitude de bondade que presenciou ou realizou.
BO05,EgoÃ­smo Leve,"ğŸ˜¶ EgoÃ­smo Leve (vocÃª prioriza suas necessidades, mesmo que afete levemente os outros)","VocÃª cuida de si e dos seus, mas ainda com foco limitado ao prÃ³prio interesse.",Abertura parcial ao bem coletivo.,"Ajuda apenas os que ama, e com condiÃ§Ã£o.",Atos gentis por retorno ou aparÃªncia.,"Colabora, mas com foco em mÃ©rito ou promoÃ§Ã£o.",Oferecer ajuda onde nÃ£o se Ã© visto ou reconhecido.
BO04,Neutralidade Moral,"âš–ï¸ Neutralidade Moral (vocÃª segue regras e faz o certo, mas sem profunda entrega afetiva)","VocÃª age com base na Ã©tica, mas ainda sem profunda empatia.",Neutralidade moral com boas intenÃ§Ãµes.,"Age corretamente, mas sem entrega emocional.",Cordialidade sem envolvimento.,"JustiÃ§a tÃ©cnica, mas sem calor humano.",PrÃ¡tica de bondade espontÃ¢nea fora da obrigaÃ§Ã£o moral.
BO03,Gentileza,"ğŸŒ¼ Gentileza (suas atitudes sÃ£o naturalmente suaves, respeitosas e acolhedoras)",VocÃª cultiva a gentileza como forma de presenÃ§a e intenÃ§Ã£o. Sua bondade Ã© visÃ­vel.,PresenÃ§a gentil como escolha de vida.,Palavras suaves e aÃ§Ãµes atenciosas.,AlÃ­vio e ternura onde passa.,Ajuda e mediaÃ§Ã£o com generosidade.,Desafio: realizar 5 gestos espontÃ¢neos de gentileza em 24h.
BO02,CompaixÃ£o,ğŸ’– CompaixÃ£o (vocÃª busca aliviar o sofrimento do outro com empatia prÃ¡tica),"VocÃª sente a dor do outro como sua, e age para aliviar sofrimentos.",Empatia profunda com aÃ§Ã£o compassiva.,DisponÃ­vel emocionalmente em crises.,Apoio em momentos difÃ­ceis sem esperar retorno.,AÃ§Ãµes que promovem bem-estar coletivo.,Caminhada em silÃªncio oferecendo intenÃ§Ãµes de cura para quem encontra pelo caminho.
BO01,Santidade/AltruÃ­smo Puro,"ğŸ•Šï¸ Santidade / AltruÃ­smo Puro (vocÃª age com total entrega, sem buscar retorno ou reconhecimento)",Sua bondade Ã© luz. VocÃª se tornou canal de altruÃ­smo puro e inspirador.,TranscendÃªncia do ego a serviÃ§o do bem comum.,Entrega sem medida para cuidar dos seus.,"ReferÃªncia de presenÃ§a, generosidade e equilÃ­brio.",Inspira ambientes com integridade e missÃ£o.,"Ritual de entrega semanal: doar tempo, talento ou recurso com total gratidÃ£o."
CA12,DevassidÃ£o Absoluta,"ğŸ’€ DevassidÃ£o Absoluta (o desejo sexual se tornou caÃ³tico, impulsivo e autodestrutivo)",VocÃª vive imerso na satisfaÃ§Ã£o dos prazeres sexuais sem limites ou consciÃªncia.,Entregue ao instinto como fuga da alma.,"RelaÃ§Ãµes instÃ¡veis, ausÃªncia de vÃ­nculo afetivo.",Condutas explÃ­citas sem respeito ao outro.,Comportamentos inapropriados ou exposiÃ§Ã£o constante.,1 dia de abstinÃªncia completa de estÃ­mulos sensuais â€” com oraÃ§Ã£o por clareza e domÃ­nio de si.
CA11,DepravaÃ§Ã£o,ğŸŒ«ï¸ DepravaÃ§Ã£o (vocÃª se envolve com prÃ¡ticas que jÃ¡ nÃ£o respeitam limites prÃ³prios ou alheios),"VocÃª usa a energia sexual para manipular, seduzir ou subjugar.",Desvio da sexualidade como ferramenta de dominaÃ§Ã£o ou fuga.,NegligÃªncia emocional e traumas recorrentes.,ProvocaÃ§Ã£o e uso do corpo como poder.,Mistura vida Ã­ntima com ambiente profissional.,Banho purificador com intenÃ§Ãµes espirituais e compromisso com a contenÃ§Ã£o do olhar.
CA10,VÃ­cio Sexual,"ğŸŒ€ VÃ­cio Sexual (o desejo domina sua atenÃ§Ã£o ou comportamento, causando perdas ou dependÃªncia)","A compulsÃ£o sexual domina seus pensamentos, escolhas e relacionamentos.",DependÃªncia emocional e psÃ­quica do prazer carnal.,RelaÃ§Ãµes comprometidas por infidelidade ou obsessÃ£o.,Busca constante por excitaÃ§Ã£o ou validaÃ§Ã£o.,"DistraÃ§Ã£o, falta de foco ou tensÃµes recorrentes.","MeditaÃ§Ã£o com respiraÃ§Ã£o centrada no coraÃ§Ã£o, buscando reintegraÃ§Ã£o interior."
CA09,Promiscuidade Ativa,"ğŸ”¥ Promiscuidade Ativa (hÃ¡ busca constante por mÃºltiplos estÃ­mulos sexuais, com baixa conexÃ£o afetiva)","VocÃª tem relaÃ§Ãµes frequentes, mas sem compromisso, zelo ou propÃ³sito profundo.",Sexualidade desvinculada de afeto e espiritualidade.,RelaÃ§Ãµes com dificuldade de profundidade e vÃ­nculo.,Promiscuidade percebida como liberdade.,ConfusÃµes entre vida Ã­ntima e imagem pÃºblica.,"Escrever sua histÃ³ria afetiva, buscando padrÃµes e feridas que se repetem."
CA08,Hedonismo Moderado,"ğŸ· Hedonismo Moderado (vocÃª busca prazer com frequÃªncia, com foco mais fÃ­sico do que afetivo)","VocÃª busca prazeres com moderaÃ§Ã£o, mas ainda guiado pelo hedonismo.",Sensualidade ainda como principal fonte de sentido e alegria.,"Relacionamentos frÃ¡geis, pautados por desejo fÃ­sico.",VÃ­nculos instÃ¡veis e hiperestimulados.,Busca atenÃ§Ã£o atravÃ©s da aparÃªncia ou charme.,1 jejum parcial de redes sociais ou conteÃºdos sensuais por 3 dias.
CA07,Libertinagem Consciente,"ğŸ­ Libertinagem Consciente (vocÃª se permite experiÃªncias fora de padrÃµes, com ou sem profundidade afetiva)","VocÃª se permite prazeres sexuais, mas jÃ¡ com consciÃªncia e respeito mÃºtuo.","Sexualidade com lucidez, ainda em fase de integraÃ§Ã£o.",Busca de equilÃ­brio entre prazer e afeto.,Relacionamentos mais responsÃ¡veis.,Respeito aos espaÃ§os e papÃ©is no ambiente profissional.,ExercÃ­cio de escrita: quais sÃ£o os limites que quero honrar em minha sexualidade?
CA06,Permissividade Leve,"ğŸƒ Permissividade Leve (vocÃª cede ao desejo com certa frequÃªncia, mas sem culpa)",VocÃª permite o prazer sem excessos. Sabe reconhecer quando parar.,Permissividade leve com autoconsciÃªncia.,ConvÃ­vio equilibrado entre desejo e cuidado.,Relacionamentos que respeitam os limites individuais.,ConvivÃªncia sem conflito entre Ã©tica e sensualidade.,"ExercÃ­cio da pausa: ao sentir impulso, respirar 3x antes de agir ou responder."
CA05,Neutralidade Sexual,ğŸ˜ Neutralidade Sexual (nÃ£o hÃ¡ impulso nem desconforto â€” o desejo estÃ¡ adormecido ou em pausa),"VocÃª se encontra em um ponto de equilÃ­brio sexual. NÃ£o hÃ¡ conflito, mas tambÃ©m nÃ£o hÃ¡ sublimaÃ§Ã£o.",Neutralidade emocional na vivÃªncia da sexualidade.,"Relacionamentos estÃ¡veis, mas sem aprofundamento espiritual.","Relacionamentos tranquilos, sem dependÃªncia nem compulsÃ£o.",SeparaÃ§Ã£o clara entre afetos e funÃ§Ã£o.,Visualizar a energia sexual como luz em movimento dentro do corpo â€” nÃ£o apenas instinto.
CA04,ContenÃ§Ã£o Racional,ğŸ§  ContenÃ§Ã£o Racional (vocÃª consegue racionalizar e escolher com consciÃªncia quando ceder ao desejo),VocÃª escolhe conter-se com clareza e disciplina. Sua sexualidade Ã© orientada por propÃ³sito.,DomÃ­nio consciente dos instintos em nome de algo maior.,Escolhas com responsabilidade afetiva.,RelaÃ§Ãµes profundas com critÃ©rios claros.,Postura Ã­ntegra e inspiradora.,OraÃ§Ã£o ou mantra com foco na integridade e limpeza dos desejos.
CA03,ModeraÃ§Ã£o Sexual,"ğŸŒ¿ ModeraÃ§Ã£o Sexual (hÃ¡ equilÃ­brio entre desejo, intenÃ§Ã£o e afeto)","VocÃª vive a sexualidade com moderaÃ§Ã£o e dignidade. HÃ¡ harmonia entre corpo, alma e espÃ­rito.",IntegraÃ§Ã£o dos desejos Ã  Ã©tica e ao afeto.,RelaÃ§Ãµes amorosas plenas e respeitosas.,Amor-prÃ³prio e respeito mÃºtuo nas conexÃµes.,PresenÃ§a Ã©tica e afetiva equilibrada.,Banho com ervas ou aromas puros como sÃ­mbolo de elevaÃ§Ã£o e refinamento vibracional.
CA02,Pureza Virtuosa,"ğŸ’ Pureza Virtuosa (hÃ¡ clareza, respeito e intenÃ§Ã£o elevada no uso da energia sexual)","Sua alma manifesta pureza. HÃ¡ sexualidade virtuosa, com beleza, zelo e elevaÃ§Ã£o.",Virtude expressa como devoÃ§Ã£o e respeito profundo.,Amor que cura e edifica.,RelaÃ§Ãµes com base na pureza de intenÃ§Ã£o.,Postura digna que inspira pureza nos ambientes.,"PrÃ¡tica de bÃªnÃ§Ã£o ao corpo: tocar o prÃ³prio corpo com respeito, como templo divino."
CA01,Castidade AngÃ©lica,"ğŸ‘¼ Castidade AngÃ©lica (vocÃª sente pureza, autocontrole e sublimaÃ§Ã£o do desejo em amor)",VocÃª transcendeu o desejo carnal. Sua energia sexual se transmutou em amor sagrado.,Castidade elevada como expressÃ£o de luz espiritual.,Exemplo silencioso de nobreza e pureza.,Irradia pureza e equilÃ­brio nas relaÃ§Ãµes.,Integra missÃ£o com pureza de intenÃ§Ã£o.,"Dedicar sua energia vital do dia a uma causa sagrada â€” sem dispersÃ£o, com foco total."
CO12,AutodestruiÃ§Ã£o SistemÃ¡tica,"âš ï¸ AutodestruiÃ§Ã£o SistemÃ¡tica (vocÃª se sabota repetidamente, mesmo sabendo as consequÃªncias)",VocÃª pratica hÃ¡bitos que ferem a si mesmo de maneira recorrente e sem limites.,Autossabotagem persistente e destrutiva.,Afasta-se dos vÃ­nculos por vergonha ou culpa.,Isolamento ou influÃªncia negativa constante.,Desempenho comprometido por hÃ¡bitos autodestrutivos.,Escrever uma carta de perdÃ£o a si mesmo pelos excessos e queimÃ¡-la simbolicamente.
CO11,CompulsÃ£o Manifesta,"ğŸ”¥ CompulsÃ£o Manifesta (vocÃª perde o controle com frequÃªncia, e isso afeta sua rotina ou relaÃ§Ãµes)","VocÃª estÃ¡ dominado por impulsos fortes e repetitivos, com perda de controle.",CompulsÃ£o manifesta e entregas desgovernadas.,Promessas quebradas constantemente.,Descontrole em ambientes sociais.,"InconstÃ¢ncia, atrasos, esquecimentos frequentes.","TÃ©cnica do diÃ¡rio de impulsos: anotar o impulso, o contexto e o que poderia ter feito diferente."
CO10,VÃ­cio Funcional,"ğŸŒ€ VÃ­cio Funcional (hÃ¡ vÃ­cios que nÃ£o causam grandes danos aparentes, mas que desequilibram silenciosamente)","VocÃª mantÃ©m vÃ­cios que parecem funcionais, mas ocultam desequilÃ­brios profundos.",DependÃªncia disfarÃ§ada de produtividade.,"Presente, mas emocionalmente instÃ¡vel.",Usa prazeres como fuga emocional.,Alta performance acompanhada de esgotamento.,"Anotar um hÃ¡bito disfarÃ§ado de saudÃ¡vel que estÃ¡, na verdade, te prejudicando."
CO09,Falta de Freios,ğŸ¯ Falta de Freios (vocÃª percebe que nÃ£o consegue parar alguns comportamentos ou hÃ¡bitos),VocÃª age sem freios. A busca pelo prazer imediato supera qualquer racionalidade.,Impulsividade crÃ´nica e ausÃªncia de contenÃ§Ã£o.,Excessos que ferem emocionalmente os outros.,Gastos ou comportamentos irresponsÃ¡veis.,Falta de foco e constÃ¢ncia.,RespiraÃ§Ã£o 5-2-5 antes de toda decisÃ£o importante.
CO08,IndulgÃªncia Regular,"ğŸ© IndulgÃªncia Regular (hÃ¡ indulgÃªncia recorrente, com pequenas culpas ou tentativas de compensaÃ§Ã£o)","VocÃª busca se controlar, mas ainda se entrega com frequÃªncia aos seus desejos.",OscilaÃ§Ã£o entre indulgÃªncia e tentativa de controle.,"Pede desculpas, mas repete comportamentos.",Faz concessÃµes que se arrependem depois.,Dificuldade em manter uma disciplina consistente.,ExercÃ­cio da consciÃªncia pÃ³s-ato: refletir como se sentiu apÃ³s cada concessÃ£o feita.
CO07,ConcessÃµes Ocasionais,"ğŸˆ ConcessÃµes Ocasionais (vocÃª se permite sair do eixo Ã s vezes, mas sem grandes impactos)","VocÃª se permite algumas concessÃµes, mas com algum nÃ­vel de consciÃªncia.",ComeÃ§o de domÃ­nio interno sobre os impulsos.,Busca conversar mais sobre suas fragilidades.,Participa de situaÃ§Ãµes com mais autocontrole.,JÃ¡ evita gatilhos que antes causavam queda de desempenho.,Registrar 1 conquista por dia em que venceu um impulso destrutivo.
CO06,Neutralidade,ğŸ˜ Neutralidade (vocÃª nÃ£o sente forte impulso nem excesso de contenÃ§Ã£o â€” hÃ¡ estabilidade geral),"VocÃª estÃ¡ em uma fase de neutralidade, ainda sem excesso nem virtude.",Zona de equilÃ­brio instÃ¡vel e de aprendizado.,"Presente e estÃ¡vel, mas sem grandes progressos.","ParticipaÃ§Ãµes moderadas, sem vÃ­cios marcantes.",Disciplina funcional com pequenas oscilaÃ§Ãµes.,Estabelecer um microdesafio de autocontrole diÃ¡rio (ex: 2h sem celular).
CO05,Autocontrole Habitual,âš–ï¸ Autocontrole Habitual (vocÃª tem controle consistente sobre vÃ­cios e excessos no cotidiano),VocÃª desenvolve prÃ¡ticas de autocontrole com frequÃªncia e responsabilidade.,Autodisciplina em crescimento.,Cria rotinas saudÃ¡veis com os entes queridos.,Gere limites com leveza e firmeza.,Organiza sua rotina com consciÃªncia.,Planejar 1 aÃ§Ã£o por semana com intenÃ§Ã£o de fortalecer a vontade espiritual.
CO04,ModeraÃ§Ã£o SÃ¡bia,"ğŸŒ± ModeraÃ§Ã£o SÃ¡bia (vocÃª faz escolhas conscientes, mesmo diante de tentaÃ§Ãµes ou repetiÃ§Ãµes)","VocÃª cultiva a moderaÃ§Ã£o com sabedoria, sem repressÃ£o, mas com firmeza.",AutodomÃ­nio orientado por valores profundos.,Exemplo de sobriedade e temperanÃ§a.,Firmeza gentil nas escolhas.,ConsistÃªncia e foco como virtudes presentes.,Jejum consciente de algo que distraia sua alma por 1 dia da semana.
CO03,AutodomÃ­nio Virtuoso,"ğŸï¸ AutodomÃ­nio Virtuoso (vocÃª controla seus impulsos sem rigidez, com equilÃ­brio e sabedoria)",VocÃª possui domÃ­nio de si mesmo e conduz sua vida com espÃ­rito virtuoso.,ConsciÃªncia plena sobre seus limites e necessidades.,Inspira equilÃ­brio sem esforÃ§o.,Encaminha outros a decisÃµes mais elevadas.,Ã‰ referÃªncia em moderaÃ§Ã£o e sabedoria.,Mentorear alguÃ©m mais jovem ou impulsivo com amor e exemplo prÃ¡tico.
CO02,Ascetismo Sagrado,"ğŸ§˜ Ascetismo Sagrado (vocÃª vive com autocontrole profundo, canalizando desejos para propÃ³sitos elevados)",VocÃª transcende o desejo. Vive em estado de ascetismo espiritual equilibrado.,RenÃºncia voluntÃ¡ria ao supÃ©rfluo em nome da verdade.,Escolhas que preservam o essencial.,InfluÃªncia silenciosa e firme.,Simplicidade que revela grandeza.,ReflexÃ£o escrita: 'Do que mais preciso abrir mÃ£o para ser livre?'
CO01,Continencia sagrada,"ğŸ§˜ ContinÃªncia Sagrada (vocÃª vive com autocontrole profundo, canalizando desejos para propÃ³sitos elevados)","vocÃª vive com autocontrole profundo, canalizando desejos para propÃ³sitos elevados",RenÃºncia voluntÃ¡ria ao supÃ©rfluo em nome da verdade.,Escolhas que preservam o essencial.,InfluÃªncia silenciosa e firme.,Simplicidade que revela grandeza.,ReflexÃ£o escrita: 'Do que mais preciso abrir mÃ£o para ser livre?'
FI12,TraiÃ§Ã£o IdeolÃ³gica,"ğŸ’£ TraiÃ§Ã£o IdeolÃ³gica (vocÃª abandona valores, pessoas ou missÃµes em que dizia acreditar profundamente)","VocÃª renega os princÃ­pios que dizia defender, mudando conforme interesses.",Desalinhamento com valores internos e falsidade ideolÃ³gica.,ContradiÃ§Ãµes entre discurso e prÃ¡tica com os entes prÃ³ximos.,AlianÃ§as quebradas sem explicaÃ§Ãµes.,MudanÃ§a de Ã©tica conforme conveniÃªncia.,Reescrever seus 5 valores essenciais e avaliar sua coerÃªncia com eles.
FI11,PerfÃ­dia,"ğŸ˜ˆ PerfÃ­dia (vocÃª quebra a confianÃ§a deliberadamente, mesmo sabendo o impacto)",VocÃª rompe compromissos importantes sem arrependimento ou justificativa honesta.,PerfÃ­dia: traiÃ§Ã£o ativa de confianÃ§a Ã­ntima.,Abandono de responsabilidades com frieza.,TraiÃ§Ã£o de amizades profundas.,Deslealdade contratual ou institucional.,Carta simbÃ³lica de pedido de perdÃ£o para alguÃ©m que vocÃª falhou â€” mesmo que nÃ£o entregue.
FI10,TraiÃ§Ã£o Calculada,"ğŸ§  TraiÃ§Ã£o Calculada (vocÃª age de forma a esconder ou manipular, mesmo de forma consciente)",VocÃª rompe laÃ§os de maneira estratÃ©gica. Usa o compromisso como moeda de troca.,Fidelidade como meio e nÃ£o como valor.,Promessas quebradas em momentos decisivos.,"Relacionamentos por conveniÃªncia, sem lealdade real.",Toma decisÃµes que traem alianÃ§as por vantagem.,MeditaÃ§Ã£o: visualizar alguÃ©m que confiou em vocÃª e sentir o impacto da quebra de palavra.
FI09,Deslealdade Ativa,âš–ï¸ Deslealdade Ativa (vocÃª rompe acordos e valores por impulso ou ressentimento),VocÃª nÃ£o sustenta suas alianÃ§as e foge das consequÃªncias dos compromissos.,Conduta desleal com aÃ§Ãµes intencionais.,"Fala uma coisa, faz outra com frequÃªncia.","Finge apoiar, mas sabota silenciosamente.",InsubordinaÃ§Ã£o oculta e sabotagem sutil.,PrÃ¡tica do compromisso: cumprir rigorosamente 1 pequena promessa por dia.
FI08,Infidelidade Passiva,"ğŸ’” Infidelidade Passiva (vocÃª nÃ£o rompe, mas deixa de nutrir ou sustentar vÃ­nculos com verdade)","VocÃª nÃ£o trai ativamente, mas deixa de cumprir promessas. A ausÃªncia pesa mais que aÃ§Ãµes.",Infidelidade por omissÃ£o e descuido.,AusÃªncia em momentos cruciais.,Promete presenÃ§a e falha repetidamente.,"Compromissos assumidos, mas nÃ£o cumpridos.",Anotar compromissos feitos e revisÃ¡-los antes de dormir por 7 dias.
FI07,OmissÃ£o CulpÃ¡vel,ğŸ™ˆ OmissÃ£o CulpÃ¡vel (vocÃª evita se comprometer ou omite a verdade por medo ou conveniÃªncia),VocÃª evita se comprometer. Sua omissÃ£o gera ruptura silenciosa.,NegligÃªncia relacional e espiritual.,Finge nÃ£o ver a necessidade dos outros.,Evita responsabilidades compartilhadas.,Se omite diante de conflitos ou injustiÃ§as.,Escolher um vÃ­nculo negligenciado e dar a ele 15 minutos de presenÃ§a verdadeira.
FI06,AmbivalÃªncia,"ğŸŒ«ï¸ AmbivalÃªncia (vocÃª oscila entre a presenÃ§a e a dÃºvida, entre o vÃ­nculo e o distanciamento)",VocÃª oscila entre estar presente e ausente. Sua fidelidade Ã© incerta.,InseguranÃ§a emocional com instabilidade de entrega.,"Um dia amoroso, no outro distante.","Promete, mas desiste no meio do caminho.",Falta consistÃªncia nos vÃ­nculos e promessas.,Criar uma lista de 'pessoas-farol': quem vocÃª deseja ser constante.
FI05,Neutralidade Leal,"ğŸ˜ Neutralidade Leal (vocÃª se mantÃ©m presente, mas sem grande envolvimento ou entusiasmo)","VocÃª nÃ£o trai, mas tambÃ©m nÃ£o se entrega profundamente. Cumpre o papel, mas sem alma.","Lealdade funcional, sem paixÃ£o nem inspiraÃ§Ã£o.","PresenÃ§a mecÃ¢nica, sem vÃ­nculos profundos.",Amizades protocolares e seguras.,"Faz o mÃ­nimo esperado, sem comprometimento real.",Oferecer um gesto espontÃ¢neo e inesperado a alguÃ©m que sempre esteve com vocÃª.
FI04,Fidelidade por HÃ¡bito,ğŸ” Fidelidade por HÃ¡bito (vocÃª cumpre o que promete por rotina ou senso de obrigaÃ§Ã£o),"VocÃª age por hÃ¡bito. Sua fidelidade vem da rotina, nÃ£o da consciÃªncia plena.",ConstÃ¢ncia sem presenÃ§a plena.,Rituais familiares sem emoÃ§Ã£o.,"Cumpre datas, mas sem envolvimento.","EstÃ¡ presente, mas nÃ£o transforma.",Escolher um ritual habitual e colocar intenÃ§Ã£o amorosa ao realizÃ¡-lo.
FI03,Lealdade Racional,"ğŸ›¡ï¸ Lealdade Racional (vocÃª escolhe permanecer por convicÃ§Ã£o Ã©tica, mesmo quando nÃ£o sente)",VocÃª Ã© leal por escolha racional. Seu compromisso vem da lucidez e da Ã©tica.,Fidelidade Ã©tica com maturidade.,Sustenta vÃ­nculos mesmo em tempos difÃ­ceis.,EstÃ¡ presente nos momentos-chave.,Ã‰ confiÃ¡vel e inspira confianÃ§a.,Escrever uma carta de gratidÃ£o para alguÃ©m que te inspirou lealdade.
FI02,Fidelidade Virtuosa,"ğŸ’  Fidelidade Virtuosa (sua palavra Ã© firme, seus vÃ­nculos sÃ£o sÃ³lidos e sua lealdade Ã© ativa)","VocÃª Ã© fiel de forma Ã­ntegra. Sua alma honra o que promete, com afeto e verdade.",Entrega espiritual por amor ao compromisso.,RefÃºgio e fortaleza dos que ama.,PresenÃ§a sÃ³lida nos laÃ§os mais profundos.,Comprometido com missÃ£o e pessoas.,MeditaÃ§Ã£o: 'Em que Ã¡reas minha alma quer ser mais fiel?'
FI01,DevoÃ§Ã£o Absoluta,"ğŸ”¥ DevoÃ§Ã£o Absoluta (vocÃª permanece fiel em pensamento, palavra e aÃ§Ã£o, mesmo no silÃªncio ou na ausÃªncia)",Sua fidelidade Ã© devoÃ§Ã£o. VocÃª se torna expressÃ£o de alianÃ§a sagrada.,ConsagraÃ§Ã£o da alma a um princÃ­pio ou missÃ£o de vida.,"Amor absoluto, mesmo diante da dor.",Entrega total Ã queles que confiam em vocÃª.,Ã‰ exemplo de dedicaÃ§Ã£o com propÃ³sito.,Oferecer um ato de serviÃ§o ao que representa seu maior valor.
FI00,EgoÃ­smo PatolÃ³gico,ğŸ”’ EgoÃ­smo PatolÃ³gico (vocÃª nÃ£o suporta esperar nem compartilhar â€” vive fechado em si mesmo),"VocÃª vive em funÃ§Ã£o dos prÃ³prios desejos, sem considerar os outros. HÃ¡ fechamento e dureza.",Egocentrismo intenso com desprezo empÃ¡tico.,Demandas excessivas sem considerar as necessidades alheias.,Relacionamentos unilaterais e dominadores.,Busca por status ou vantagem sem Ã©tica.,Ato consciente de empatia: escutar alguÃ©m por 15 minutos sem interromper ou julgar.
LO02,Egocentrismo,ğŸ§± Egocentrismo (vocÃª sente que sua jornada Ã© mais importante que a dos outros e se fecha nisso),VocÃª Ã© o centro da prÃ³pria histÃ³ria. Existe pouco ou nenhum espaÃ§o para o outro.,Incapacidade de considerar a perspectiva alheia.,ExigÃªncias constantes de atenÃ§Ã£o ou obediÃªncia.,"Monopoliza conversas, invalida sentimentos.",Desconsidera opiniÃµes e experiÃªncias da equipe.,ExercÃ­cio do espelho: listar 3 qualidades de alguÃ©m que vocÃª costuma criticar.
LO03,IndiferenÃ§a Ativa,ğŸ§Š IndiferenÃ§a Ativa (vocÃª ignora com frieza quem nÃ£o corresponde ou nÃ£o evolui como vocÃª quer),"VocÃª nÃ£o apenas se ausenta emocionalmente, mas ativamente rejeita as emoÃ§Ãµes do outro.",NegaÃ§Ã£o ativa do vÃ­nculo emocional.,Ignora sentimentos dos filhos ou cÃ´njuge.,Sarcasmo ou frieza como resposta Ã  dor.,Desinteresse completo por bem-estar coletivo.,Contato visual intencional e escuta ativa com alguÃ©m prÃ³ximo.
LO04,PaciÃªncia EgoÃ­sta,"ğŸª PaciÃªncia EgoÃ­sta (vocÃª espera que o outro mude por si mesmo, sem se implicar verdadeiramente)","VocÃª atÃ© espera, mas apenas por interesse prÃ³prio. Sua paciÃªncia Ã© utilitÃ¡ria.",TolerÃ¢ncia baseada em conveniÃªncia.,"Aparenta calma, mas por necessidade de controle.",CondescendÃªncia disfarÃ§ada de empatia.,Finge escutar para manter imagem positiva.,AutoanÃ¡lise escrita: diferenciar altruÃ­smo de conveniÃªncia em suas atitudes.
LO05,CondescendÃªncia,"ğŸ­ CondescendÃªncia (vocÃª aceita o outro, mas com superioridade ou impaciÃªncia velada)",VocÃª tolera o outro de cima para baixo. Sua superioridade mina o vÃ­nculo.,Soberba disfarÃ§ada de paciÃªncia.,"Frases como 'te entendo, mas vocÃª estÃ¡ errado'.",Postura de julgamento disfarÃ§ado de ajuda.,Apoia com arrogÃ¢ncia velada.,PrÃ¡tica de humildade ativa: perguntar ao outro como ele se sente com suas atitudes.
LO06,TolerÃ¢ncia Calculista,"â³ TolerÃ¢ncia Calculista (vocÃª suporta por conveniÃªncia ou obrigaÃ§Ã£o, nÃ£o por compaixÃ£o)",Sua tolerÃ¢ncia tem cÃ¡lculo. VocÃª mede o que vale a pena suportar e o que nÃ£o.,Interesse prÃ¡tico orienta sua paciÃªncia.,Ajuda ou espera por retorno garantido.,MantÃ©m vÃ­nculos por benefÃ­cio.,Suporta projetos apenas se for reconhecido.,"Praticar um gesto de bondade em segredo, sem retorno ou divulgaÃ§Ã£o."
LO07,Neutralidade Relacional,"ğŸ˜ Neutralidade Relacional (vocÃª mantÃ©m convÃ­vio, mas sem profunda entrega ou investimento)","VocÃª nÃ£o julga, mas tambÃ©m nÃ£o se entrega. Sua relaÃ§Ã£o Ã© neutra e limitada.",Relacionamento sem entrega ou implicaÃ§Ã£o emocional.,ConvÃ­vio morno e protocolar.,"Cordiais, mas frias interaÃ§Ãµes.",ColaboraÃ§Ã£o sem vÃ­nculo afetivo.,Pequena carta sincera para alguÃ©m com quem deseja se reaproximar.
LO08,CompreensÃ£o EmpÃ¡tica,ğŸ¤ CompreensÃ£o EmpÃ¡tica (vocÃª busca enxergar alÃ©m das atitudes e acolher a dor alheia),"VocÃª compreende a dor do outro, mesmo que nÃ£o possa resolvÃª-la.",Empatia em amadurecimento.,Escuta ativa e acolhimento respeitoso.,Oferece presenÃ§a e apoio sincero.,DÃ¡ espaÃ§o e tempo para o crescimento dos outros.,RespiraÃ§Ã£o com foco no coraÃ§Ã£o + pensamento de cura para alguÃ©m prÃ³ximo.
LO09,PaciÃªncia Ativa,"ğŸŒ¾ PaciÃªncia Ativa (vocÃª continua presente com firmeza, mesmo diante de desgastes ou demoras)",VocÃª espera com amor. Suporta o tempo do outro com presenÃ§a ativa.,TolerÃ¢ncia com base no respeito ao processo do outro.,Ajuda sem pressa e sem cobranÃ§as.,Espera genuÃ­na pelas mudanÃ§as dos amigos.,Permite aprendizado com erros e acertos.,Rezar ou meditar com o nome de uma pessoa que vocÃª quer fortalecer espiritualmente.
LO10,TolerÃ¢ncia Virtuosa,ğŸŒ¿ TolerÃ¢ncia Virtuosa (vocÃª compreende os processos do outro sem exigir seu tempo ou evoluÃ§Ã£o),"VocÃª tolera nÃ£o por obrigaÃ§Ã£o, mas por compreensÃ£o profunda do processo do outro.",TolerÃ¢ncia como virtude ativa e consciente.,PerseveranÃ§a silenciosa com quem ama.,Apoio constante mesmo na ausÃªncia de reciprocidade.,Promove ambientes de aprendizado coletivo.,Revisar seu dia buscando onde vocÃª tolerou e onde nÃ£o tolerou â€” e por quÃª.
LO11,IndulgÃªncia Sagrada,ğŸŒ  IndulgÃªncia Sagrada (vocÃª Ã© paciente com os outros mesmo quando nÃ£o compreendem ou retribuem),VocÃª oferece indulgÃªncia. A alma compreende alÃ©m das falhas.,PaciÃªncia iluminada pela compaixÃ£o profunda.,Transforma conflitos em reconciliaÃ§Ãµes.,Irradia paz em meio Ã  discÃ³rdia.,Ajuda a reerguer sem cobrar dÃ­vida emocional.,SilÃªncio de 10 minutos em oraÃ§Ã£o por quem mais te irrita no dia.
LO12,Longanimidade Divina,"ğŸŒŒ Longanimidade Divina (vocÃª suporta longas provaÃ§Ãµes com fÃ©, compaixÃ£o e esperanÃ§a constante)",Sua alma suporta com ternura o peso do mundo. Ã‰ presenÃ§a constante e sagrada.,Longanimidade espiritual a serviÃ§o da luz.,Torna-se pilar e consolo da casa.,ReferÃªncia de amor firme e discreto.,Inspira confianÃ§a e continuidade a longo prazo.,"Oferecer sua forÃ§a a alguÃ©m com fragilidade â€” sem palavras, sÃ³ presenÃ§a."
MO12,DelÃ­rio de OnipotÃªncia,"ğŸš¨ DelÃ­rio de OnipotÃªncia (vocÃª se coloca acima de tudo e todos, acreditando ter razÃ£o em tudo)","VocÃª se vÃª como superior aos demais, com sensaÃ§Ã£o de poder absoluto.",DesconexÃ£o com a realidade e com a igualdade espiritual.,ImpÃµe decisÃµes com autoritarismo.,Despreza opiniÃµes e sentimentos alheios.,Centraliza poder e exige obediÃªncia cega.,Refletir: 'O que posso aprender com quem eu julgo inferior?'
MO11,Megalomania,ğŸ‘‘ Megalomania (vocÃª sente que Ã© mais importante ou especial que os demais),"VocÃª acredita ter um papel grandioso acima da medida, inflando sua prÃ³pria importÃ¢ncia.",Excesso de vaidade e desejo de dominaÃ§Ã£o simbÃ³lica.,"Quer ser sempre a referÃªncia, o exemplo.",Busca admiraÃ§Ã£o constante.,NÃ£o admite erros nem crÃ­ticas.,"Desafio do silÃªncio: ouvir uma crÃ­tica sem rebater, apenas refletir."
MO10,Narcisismo Funcional,ğŸŒªï¸ Narcisismo Funcional (vocÃª se projeta como alguÃ©m idealizado para ser admirado),VocÃª alimenta um ego funcional. Usa o sucesso como identidade.,AutovalorizaÃ§Ã£o baseada em desempenho externo.,"Valoriza-se pelo que faz, nÃ£o por quem Ã©.","Se destaca, mas com exigÃªncia de aplausos.",Busca reconhecimento como combustÃ­vel principal.,Anotar 3 qualidades suas que nÃ£o dependem de conquistas.
MO09,ArrogÃ¢ncia,ğŸ§± ArrogÃ¢ncia (vocÃª impÃµe sua opiniÃ£o como verdade absoluta),VocÃª se sente superior. Sua fala carrega julgamento sutil.,ExibiÃ§Ã£o de virtudes com desejo de superioridade.,Corrige os outros com arrogÃ¢ncia disfarÃ§ada.,"Desejo de vencer debates, nÃ£o aprender.",Postura hierÃ¡rquica inflexÃ­vel.,Ouvir com real interesse alguÃ©m que pensa diferente.
MO08,PresunÃ§Ã£o,ğŸ—£ï¸ PresunÃ§Ã£o (vocÃª tende a se posicionar como superior ou mais certo que os outros),"VocÃª se antecipa em se mostrar. Sabe o que tem, e quer que saibam tambÃ©m.",Busca de validaÃ§Ã£o por aparÃªncia ou tÃ­tulos.,ReforÃ§a suas conquistas nos diÃ¡logos.,Exibe resultados ou talentos com frequÃªncia.,Faz questÃ£o de marcar territÃ³rio nas vitÃ³rias.,Passar 1 dia sem mencionar realizaÃ§Ãµes â€” focar no outro.
MO07,Exibicionismo Leve,âœ¨ Exibicionismo Leve (vocÃª gosta de mostrar suas conquistas ou aparÃªncia com frequÃªncia),"VocÃª sente a necessidade de mostrar valor, mas com leveza. Ainda hÃ¡ ego operando.",AfirmaÃ§Ã£o pessoal com toque de vaidade sutil.,Busca elogios indiretos.,"Gosta de ser reconhecido, mas sem exageros.",Expressa conquistas de forma sutil.,Valorizar alguÃ©m publicamente sem falar de si mesmo.
MO06,AutoconfianÃ§a Expressiva,ğŸ’¬ AutoconfianÃ§a Expressiva (vocÃª se sente confortÃ¡vel em se destacar quando necessÃ¡rio),"VocÃª expressa autoconfianÃ§a de forma transparente, sem precisar se afirmar.",SeguranÃ§a interior com expressÃ£o equilibrada.,Ã‰ exemplo sem precisar se exaltar.,PresenÃ§a firme e leve.,Conduz com equilÃ­brio e autoconhecimento.,ExercÃ­cio do espelho: declarar suas forÃ§as internas em silÃªncio olhando nos prÃ³prios olhos.
MO05,Neutralidade Autoavaliativa,"ğŸ˜ Neutralidade Autoavaliativa (vocÃª nÃ£o se preocupa muito com imagem â€” nem cultiva, nem resiste)",VocÃª reconhece seus limites e forÃ§as com honestidade. EstÃ¡ em um ponto de anÃ¡lise clara.,"AutoavaliaÃ§Ã£o realista, sem exageros ou negaÃ§Ãµes.",Sabe o momento de falar e de calar.,Evita se vangloriar ou se rebaixar.,Equilibra opiniÃ£o com escuta ativa.,Jornada da reflexÃ£o: escrever onde estÃ¡ em exagero e onde se apaga.
MO04,AutoconsciÃªncia Balanceada,"ğŸ§  AutoconsciÃªncia Balanceada (vocÃª observa como se expressa, sem julgamento ou apego)",VocÃª sabe quem Ã© e nÃ£o precisa provar. Sua forÃ§a Ã© silenciosa.,Autoconhecimento com consciÃªncia do prÃ³prio papel.,Orienta sem impor.,Compartilha experiÃªncias com leveza.,Contribui com equilÃ­brio e respeito.,Oferecer um conselho apenas quando for solicitado.
MO03,DiscriÃ§Ã£o Elegante,ğŸ© DiscriÃ§Ã£o Elegante (vocÃª preserva sua imagem sem chamar atenÃ§Ã£o nem se esconder),"VocÃª se movimenta com elegÃ¢ncia e discriÃ§Ã£o, com alma silenciosa.","ModÃ©stia ativa, com sabedoria e refinamento.","Ensina pelo exemplo, nÃ£o pelo discurso.","PresenÃ§a leve, que transmite respeito.",Conduz situaÃ§Ãµes com inteligÃªncia emocional.,Ato anÃ´nimo de ajuda a alguÃ©m da equipe ou grupo.
MO02,ModÃ©stia AutÃªntica,ğŸª ModÃ©stia AutÃªntica (vocÃª reconhece seus dons e limitaÃ§Ãµes com equilÃ­brio e naturalidade),"Sua modÃ©stia Ã© real. VocÃª nÃ£o apenas evita exaltar-se, como valoriza o outro com sinceridade.",Verdadeira humildade em expressÃ£o prÃ¡tica.,Celebra conquistas alheias com genuÃ­na alegria.,"Ouve mais do que fala, sem diminuir sua luz.",Promove o crescimento dos colegas.,Escrever 3 frases de reconhecimento sincero a pessoas prÃ³ximas.
MO01,Humildade Sagrada,ğŸ•Šï¸ Humildade Sagrada (vocÃª se reconhece com lucidez e se posiciona com simplicidade profunda),VocÃª se esvazia do ego e se torna canal de algo maior. Sua humildade Ã© luz sagrada.,TranscendÃªncia do eu inferior a serviÃ§o da verdade divina.,Ã‰ inspiraÃ§Ã£o pelo silÃªncio amoroso.,PresenÃ§a curadora e compassiva.,Orienta com humildade e sabedoria profunda.,"OraÃ§Ã£o silenciosa de entrega e gratidÃ£o pela vida, sem pedidos â€” sÃ³ presenÃ§a."
PC12,Ira Autodestrutiva,ğŸ’¥ Ira Autodestrutiva (a raiva transborda e comeÃ§a a te afetar mais do que aos outros),"ExplosÃµes internas te levam a agir contra si mesmo, com culpa e reatividade destrutiva.",AutopuniÃ§Ã£o e raiva voltada para dentro.,CrÃ­ticas duras a si mesmo diante da famÃ­lia.,Afastamento por medo de falhar com os outros.,Autossabotagem e bloqueios em momentos de desafio.,Escrita de compaixÃ£o: listar falhas e responder com empatia como se fosse para um amigo.
PC11,ImpaciÃªncia Agressiva,"ğŸ˜  ImpaciÃªncia Agressiva (respostas rÃ­spidas, tensÃ£o e urgÃªncia na fala e no corpo)",Sua impaciÃªncia se manifesta de forma agressiva e controladora.,Busca de controle sobre o tempo e os outros.,IrritaÃ§Ã£o constante com atrasos ou falhas alheias.,Pressa em obter respostas e resultados.,"MicrogestÃ£o, dificuldade em delegar.",Colocar lembretes visuais com frases de aceitaÃ§Ã£o do processo.
PC10,IntolerÃ¢ncia,â— IntolerÃ¢ncia (baixa margem de aceitaÃ§Ã£o ao que escapa do seu controle),VocÃª tem dificuldade em aceitar diferenÃ§as ou limitaÃ§Ãµes do outro.,Julgamento e resistÃªncia ao ritmo alheio.,CrÃ­tica recorrente ao comportamento de parentes.,Baixa tolerÃ¢ncia com opiniÃµes contrÃ¡rias.,IntolerÃ¢ncia com erros da equipe.,TÃ©cnica de ressignificaÃ§Ã£o: reformular mentalmente cada crÃ­tica em pergunta compassiva.
PC09,IrritaÃ§Ã£o Ativa,ğŸ˜¤ IrritaÃ§Ã£o Ativa (reaÃ§Ãµes visÃ­veis e incÃ´modo com atrasos ou falhas alheias),"VocÃª tenta conter sua irritaÃ§Ã£o, mas ela vaza em olhares e posturas.",PressÃ£o emocional prestes a emergir.,Respostas rÃ­spidas ou curtas.,ImpaciÃªncia em filas ou esperas.,InquietaÃ§Ã£o em reuniÃµes ou projetos lentos.,RespiraÃ§Ã£o quadrada 4-4-4-4 antes de ambientes tensos.
PC08,ImpaciÃªncia Contida,"ğŸ˜£ ImpaciÃªncia Contida (o incÃ´modo Ã© constante, mas ainda controlado)","VocÃª controla sua impaciÃªncia, mas ainda sente desconforto interno.",GestÃ£o parcial da reatividade.,EsforÃ§o consciente para manter a calma.,"Evita embates, mas guarda mÃ¡goas.","Foco no resultado, mas com tensÃ£o interna.",Escrever o que gostaria de dizer e deixar em silÃªncio por 24h antes de decidir agir.
PC07,TolerÃ¢ncia Cansada,"ğŸ˜“ TolerÃ¢ncia Cansada (suporta, mas jÃ¡ com desgaste e pouca alegria no processo)","VocÃª suporta o outro, mas sem prazer â€” hÃ¡ cansaÃ§o emocional acumulado.","TolerÃ¢ncia por esforÃ§o, nÃ£o por amor.","Cumpre obrigaÃ§Ãµes, mas com peso no coraÃ§Ã£o.","Presente, mas desconectado.","Entrega o necessÃ¡rio, sem energia renovadora.",Cuidar de si antes de doar aos outros. 1h de pausa restaurativa por dia.
PC06,Neutralidade,"ğŸ˜ Neutralidade (nem resiste, nem acolhe â€” apenas aguarda sem envolvimento emocional)","VocÃª estÃ¡ em pausa: nÃ£o hÃ¡ grande irritaÃ§Ã£o, nem grande paciÃªncia.",Zona neutra emocional e funcional.,"ConvÃ­vio pacÃ­fico, porÃ©m superficial.",InteraÃ§Ãµes sem emoÃ§Ã£o profunda.,Produtividade regular e estÃ¡vel.,Fazer uma lista de pequenas alegrias diÃ¡rias por 7 dias.
PC05,ResiliÃªncia Calma,ğŸŒ¾ ResiliÃªncia Calma (recompÃµe-se internamente apÃ³s frustraÃ§Ãµes ou esperas),"VocÃª comeÃ§a a se adaptar com calma Ã s situaÃ§Ãµes, mesmo Ã s adversas.",ResiliÃªncia emocional em desenvolvimento.,PaciÃªncia com o tempo de amadurecimento dos outros.,Capacidade de escutar sem pressa.,PersistÃªncia diante de desafios.,"Mantra pessoal de resistÃªncia suave: ex. â€œEu sou firme, mas flexÃ­vel.â€"
PC04,TolerÃ¢ncia Ativa,"ğŸŒ¬ï¸ TolerÃ¢ncia Ativa (acolhe o outro com compreensÃ£o, mesmo diante da dificuldade)",VocÃª pratica a tolerÃ¢ncia com leveza e presenÃ§a.,AceitaÃ§Ã£o real do tempo das coisas.,Respostas brandas a provocaÃ§Ãµes.,Serenidade ao lidar com falhas alheias.,EspÃ­rito colaborativo e compreensivo.,OraÃ§Ã£o de entrega da expectativa + respiraÃ§Ã£o consciente.
PC03,PerseveranÃ§a Sagrada,"ğŸ’ª PerseveranÃ§a (persiste com leveza e confianÃ§a, mesmo diante de obstÃ¡culos)",VocÃª se mantÃ©m firme mesmo diante da dor ou lentidÃ£o. Sua paciÃªncia Ã© sagrada.,PaciÃªncia como virtude espiritual em prÃ¡tica.,Inspira pelo exemplo e silÃªncio ativo.,Apoia com firmeza quem estÃ¡ em crise.,ReferÃªncia de equilÃ­brio emocional.,Leitura meditativa de textos sagrados + prÃ¡tica da quietude ativa.
PC02,PaciÃªncia sagrada,"ğŸ•Šï¸ PaciÃªncia Sagada (espera com serenidade, mesmo sem garantias de quando virÃ¡ o fruto","VocÃª espera com serenidade, mesmo sem garantias de quando virÃ¡ o fruto. Sua paciÃªncia honra o tempo divino",PaciÃªncia moldada pela fÃ© e sustentada por confianÃ§a superior.,Amor resiliente em tempos difÃ­ceis.,PresenÃ§a iluminadora nas adversidades.,Postura de guia e pacificador natural.,"Ato silencioso de serviÃ§o a alguÃ©m que precisa, sem ser notado."
PC01,PaciÃªncia MÃ¡rtir,"ğŸ•Šï¸ PaciÃªncia MÃ¡rtir (suporta com fÃ© o que seria insuportÃ¡vel, transcendendo o ego)",VocÃª abraÃ§a os ciclos com humildade. Sua paciÃªncia se tornou instrumento divino.,ConsagraÃ§Ã£o da paciÃªncia como estado de alma.,Amor resiliente em tempos difÃ­ceis.,PresenÃ§a iluminadora nas adversidades.,Postura de guia e pacificador natural.,"Ato silencioso de serviÃ§o a alguÃ©m que precisa, sem ser notado."
PA12,Guerra Declarada,"ğŸš¨ Guerra Declarada (hÃ¡ hostilidade ativa, desejo de confronto ou divisÃ£o interna)","VocÃª estÃ¡ em estado de oposiÃ§Ã£o ativa, confronto direto e declaratÃ³rio com o mundo ao seu redor.",Colapso da harmonia interna e externa.,"Brigas intensas, gritos e rompimentos.",Hostilidade ou rupturas pÃºblicas.,Conflitos diretos com lÃ­deres ou colegas.,Retirada estratÃ©gica para silÃªncio e autorreflexÃ£o antes de reagir.
PA11,Conflito Armado,"âš”ï¸ Conflito Armado (vocÃª estÃ¡ em disputas abertas, emocionais ou verbais)","Existe conflito intenso, mas sem declaraÃ§Ãµes. Um embate silencioso e prolongado se instala.",Desgaste emocional por tensÃµes nÃ£o resolvidas.,"Ambiente pesado, olhares hostis, silÃªncio destrutivo.",DiscussÃµes frequentes e polarizaÃ§Ã£o.,CompetiÃ§Ã£o tÃ³xica e desentendimentos recorrentes.,Escrever cartas de desabafo (sem envio) para liberar tensÃ£o interna.
PA10,ViolÃªncia Pontual,"ğŸ”¥ ViolÃªncia Pontual (vocÃª reage de forma intensa e explosiva, ainda que pontualmente)","Momentos de violÃªncia verbal ou fÃ­sica pontual surgem, revelando descontrole emocional.",ExplosÃµes emocionais momentÃ¢neas.,DiscussÃµes acaloradas e reaÃ§Ãµes violentas.,Confrontos sÃºbitos em debates ou redes sociais.,Desentendimentos abruptos com clientes ou pares.,ExercÃ­cio de respiraÃ§Ã£o com pausa (4-7-8) para autocontrole.
PA09,Crise,ğŸŒ«ï¸ Crise (vocÃª sente que algo dentro de si estÃ¡ prestes a se romper),"Crises interiores e externas se entrelaÃ§am, gerando sensaÃ§Ã£o de caos emocional.",Instabilidade geral e necessidade de reorganizaÃ§Ã£o interior.,SensaÃ§Ã£o de colapso em decisÃµes ou convivÃªncia.,Isolamento ou reaÃ§Ã£o a pressÃµes externas.,Improdutividade por excesso de preocupaÃ§Ã£o.,AnÃ¡lise escrita das fontes do caos + oraÃ§Ã£o ou meditaÃ§Ã£o guiada.
PA08,Conflito Latente,ğŸ§¨ Conflito Latente (hÃ¡ incÃ´modos escondidos que ameaÃ§am vir Ã  tona),"HÃ¡ tensÃ£o interna que ainda nÃ£o explodiu, mas Ã© sentida em cada gesto.",Conflito incubado aguardando espaÃ§o para se manifestar.,Ambiente com cobranÃ§as veladas e ressentimento.,ComentÃ¡rios passivo-agressivos frequentes.,Ambiente silenciosamente competitivo ou crÃ­tico.,Movimento corporal fluido (danÃ§a livre ou caminhada reflexiva).
PA07,DiscÃ³rdia,"ğŸŒªï¸ DiscÃ³rdia (ruÃ­dos e desajustes recorrentes, externos ou internos)","VocÃª sente discÃ³rdia interna e externa, manifestando insatisfaÃ§Ã£o frequente.",Desalinhamento entre desejos e realidade.,Dificuldade de acordo em decisÃµes bÃ¡sicas.,Debates constantes e falta de consenso.,Questionamentos recorrentes a lideranÃ§as.,Leitura de provÃ©rbios ou textos sagrados sobre reconciliaÃ§Ã£o.
PA06,TensÃ£o,"âš¡ TensÃ£o (hÃ¡ pressÃ£o interna constante, mesmo sem conflitos evidentes)",Seu campo estÃ¡ tensionado. VocÃª sente os mÃºsculos e a mente em estado de alerta constante.,Ansiedade silenciosa e acÃºmulo de estresse.,HipervigilÃ¢ncia e defensividade nos diÃ¡logos.,SensaÃ§Ã£o de ser julgado ou mal interpretado.,Trabalho sob pressÃ£o constante e autocobranÃ§a.,Relaxamento muscular progressivo com respiraÃ§Ã£o profunda.
PA05,Neutralidade,"ğŸ˜ Neutralidade (hÃ¡ estabilidade emocional, mas sem profundidade de paz)","VocÃª se encontra em um ponto neutro: sem guerra, sem paz. Apenas estabilidade momentÃ¢nea.","Estado de pausa, mas sem restauraÃ§Ã£o emocional.","ConvÃ­vio funcional, mas sem afeto ou harmonia.",ParticipaÃ§Ã£o passiva em grupos e encontros.,"Foco mecÃ¢nico nas obrigaÃ§Ãµes, sem brilho.",Caminhada consciente com observaÃ§Ã£o da natureza ao redor.
PA04,Diplomacia,ğŸ—¨ï¸ Diplomacia (vocÃª se esforÃ§a ativamente para manter a harmonia nos ambientes),"VocÃª comeÃ§a a atuar com diplomacia, buscando pontes em vez de muros.",Postura de conciliaÃ§Ã£o consciente.,MediaÃ§Ã£o de conflitos com sabedoria.,Busca por equilÃ­brio nas conversas e relacionamentos.,Flexibilidade em negociaÃ§Ãµes e reuniÃµes.,"PrÃ¡tica do silÃªncio em momentos de tensÃ£o, ouvindo antes de reagir."
PA03,ConcÃ³rdia,"ğŸ¤ ConcÃ³rdia (vocÃª vive em harmonia com os outros, respeitando diferenÃ§as)",VocÃª colabora com o outro de forma equilibrada. HÃ¡ fluidez nos encontros e decisÃµes.,Harmonia relacional e clareza de intenÃ§Ãµes.,DecisÃµes conjuntas e apoio mÃºtuo.,EspÃ­rito de cooperaÃ§Ã£o e partilha.,Trabalho em equipe com sintonia.,ExercÃ­cio de escuta ativa com foco na empatia.
PA02,Tranquilidade,"ğŸŒŠ Tranquilidade (hÃ¡ leveza emocional, estabilidade e harmonia constante)",VocÃª sente tranquilidade mesmo em meio Ã s pressÃµes externas. Sua paz Ã© cultivada.,Estabilidade emocional fundamentada.,Ambiente sereno e respeitoso.,Postura gentil e pacificadora.,GestÃ£o equilibrada e lideranÃ§a tranquila.,Banho de imersÃ£o com velas e mÃºsica suave para integraÃ§Ã£o emocional.
PA01,Paz Absoluta,"ğŸª· Paz Absoluta (vocÃª sente uniÃ£o interior, silÃªncio vivo e comunhÃ£o com o Todo)",Sua paz transcende o externo. VocÃª a carrega como luz interna e irradiadora.,Estado de paz interior absoluta.,PresenÃ§a que harmoniza naturalmente.,Ponto de equilÃ­brio e sabedoria em grupos.,LideranÃ§a inspiradora e pacificadora.,MeditaÃ§Ã£o contemplativa profunda + entrega compassiva de algo valioso.
